1,Proyectos Varios,27/1/2000,12,526
2,Trabajos en Bodegas Castaneda,22/2/2002,21,312
3,Talud Las Nubes,24/8/1997,20,72
4,Trabjos en Universidad Galileo,24/12/2011,21,368
5,Trabajos de Ampliacion Garita Cayala,3/7/2005,18,366
6,Planificacion El Zapote,20/9/2009,1,749
7,Rampa Insuasa,10/8/1996,11,658
8,Trabajos Jose Paz,3/3/2011,20,62
9,Coordinacion Salcaja,28/1/1994,20,126
10,Impermeabilizacion Residencia Paiz,31/6/2012,8,431
11,Calculo Estructural Cines Cascada (Honduras),8/12/2001,10,206
12,Parqueo MOAI,3/11/2004,4,523
13,Atencion a Reclamos,4/11/2003,3,450
14,General,4/11/1996,13,228
15,Gazebo,17/10/1993,17,302
16,Fase I,25/5/1998,6,477
17,Fase II,6/11/1996,13,216
18,R44,10/7/1990,2,237
19,El Sendero,12/9/2017,15,132
20,Canadas de Elgin,2/2/2010,20,169
21,Bosque Escondido,7/9/2007,10,400
22,Urbanizacion,23/4/1995,20,569
23,Casas,21/6/2016,6,94
24,Portal del Bosque,9/5/2002,11,649
25,Fase I,27/1/2000,7,613
26,Fase II,15/12/1994,7,215
27,Fase III,10/6/2012,17,80
28,Trabajos Casa No. 84,7/7/2007,8,214
29,Residencia Bruning,28/9/1995,19,120
30,Premier Campestre,24/8/2001,11,228
31,Los Abetos,4/12/1996,4,485
32,Neucasa,28/7/2010,12,109
33,Las Lomas,17/6/2007,2,693
34,Obra Civil,24/11/1997,18,118
35,Extras,2/1/1999,12,178
36,Residencia Minondo-Stillman,19/6/2017,21,382
37,Residencias Arevalo,20/4/2006,17,157
38,La Jolla,17/5/2001,9,567
39,Fase I,21/1/2010,12,70
40,Casa 7,8/12/2011,18,445
41,Hacienda Vista Hermosa,21/2/2015,8,600
42,Urbanizacion,29/3/2003,11,538
43,Casas,20/10/2014,18,352
44,Edificio Comcel,31/11/2010,14,286
45,Residencia Celina Castaneda,25/2/2011,8,27
46,Residencia Diego Castaneda,30/9/1992,15,554
47,Joya de Oro III,17/5/2012,19,94
48,Canadas de Oakland,15/10/2004,15,93
49,Wendy's Xela,21/6/1993,4,232
50,Oakland Mall,10/3/2007,9,653
51,Coordinacion y Supervision,24/7/1998,16,338
52,Obra Civil,14/6/1998,2,16
53,Hidrosanitarias,13/7/1992,13,68
54,Rampa Las Margaritas,20/10/1997,17,731
55,Pavimentos,1/10/2013,8,18
56,Supervision de Cines. OM,27/11/1998,20,66
57,Villa Tiepolo,13/9/2004,17,429
58,Villa Ensenada,19/10/1997,9,282
59,Pasarela 2 CC,30/2/1993,13,34
60,Liga del Corazon,31/1/2009,4,138
61,Planificacion,2/12/2011,16,591
62,URL 4to Nivel Edificio M,7/3/2012,8,377
63,Puerta Grande,23/4/1992,8,425
64,Escala Roosevelt,14/6/2013,17,660
65,Calculo Estructural,24/4/2008,17,152
66,Coordinacion y Supervision,19/1/2010,3,326
67,Obra Civil,5/12/2015,7,393
68,Hidrosanitarias,29/10/2009,10,312
69,Pavimentacion,23/6/2010,11,552
70,Tunel,29/9/2007,9,190
71,Muros,9/2/2016,2,51
72,Lobby Sotano 1,29/5/2007,8,21
73,Pit de Elevadores,15/2/1999,9,193
74,Azulejo en Banos,9/10/1991,2,490
75,Limpieza de Obra Civil,26/12/2009,8,722
76,Trabajos Varios al 9%,10/11/2001,20,155
77,Remodelacion 64,10/2/2004,21,221
78,Villas de San Martin,21/12/2002,1,622
79,Vistas de San Isidro,22/1/1991,9,173
80,Coordinacion,5/1/1991,16,596
81,Obra Civil,14/8/2017,17,570
82,Villa Cafetto,7/6/2015,9,562
83,Remodelaciones,19/5/1998,18,582
84,Villas Nuevas,8/3/2004,13,11
85,Call Center GE-BAC,23/7/2015,12,704
86,Bodegas Gandara,12/10/1994,11,250
87,Ampliacion Oficinas FC,2/2/2006,3,362
88,La Solana,30/6/1999,5,390
89,Contrato Original,10/9/2015,9,685
90,Apartamento Gaby Morales,12/10/2005,12,498
91,Muro Vifrio Roosevelt,31/10/1994,16,264
92,Villas de Joya de Oro,29/1/2017,6,396
93,Urbanizacion,19/1/2007,9,400
94,Casas,15/6/2009,14,662
95,El Encinal,19/8/2007,16,359
96,Los Cabos,21/8/2017,8,21
97,Vifrio Salcaja,28/6/1994,7,551
98,Movimiento de Tierras,25/2/1990,11,400
99,Residencia Abed,2/9/1993,1,187
100,Apartamentos 19-10,2/11/1995,8,457
101,Coordinacion y Supervision,20/10/2016,21,402
102,Residencia Nunez,8/10/1996,16,390
103,Residencia Heredia,18/6/1998,5,440
104,Canadas de Oakland Fase II,20/3/2013,7,739
105,Casa Trento,28/8/2014,8,63
106,Urbanizacion,21/6/2015,11,203
107,Casas,7/4/2002,9,681
108,Torre,15/3/2000,10,108
109,Penthouse La Solana,26/11/2015,4,431
110,Vista Hermosa Zona 10,8/9/2000,21,623
111,Duke,12/4/2001,17,330
112,Administrativos,30/4/1997,16,88
113,Proyectos Varios,4/8/2007,5,233
114,Trabajos en Bodegas Castaneda,10/9/1995,13,148
115,Talud Las Nubes,15/9/1996,8,511
116,Trabjos en Universidad Galileo,30/12/2001,4,514
117,Trabajos de Ampliacion Garita Cayala,3/2/1995,19,299
118,Planificacion El Zapote,25/2/2001,8,435
119,Rampa Insuasa,14/12/2017,14,435
120,Trabajos Jose Paz,29/2/2007,6,550
121,Coordinacion Salcaja,30/8/2009,6,595
122,Impermeabilizacion Residencia Paiz,6/2/2005,4,481
123,Calculo Estructural Cines Cascada (Honduras),22/11/2006,14,327
124,Parqueo MOAI,18/6/2010,17,44
125,Atencion a Reclamos,21/7/1995,19,305
126,General,22/11/1996,21,38
127,Gazebo,16/8/2003,19,419
128,Fase I,26/8/2002,12,715
129,Fase II,10/2/1995,4,389
130,R44,9/9/1993,1,278
131,El Sendero,23/12/1997,16,586
132,Canadas de Elgin,14/7/2005,6,396
133,Bosque Escondido,5/6/2014,18,310
134,Urbanizacion,2/7/2006,13,674
135,Casas,12/10/1994,20,273
136,Portal del Bosque,28/8/2009,3,712
137,Fase I,3/9/1997,8,199
138,Fase II,21/3/2016,8,591
139,Fase III,2/12/1992,13,140
140,Trabajos Casa No. 84,23/3/2014,1,4
141,Residencia Bruning,11/10/1997,4,34
142,Premier Campestre,15/2/2016,7,518
143,Los Abetos,28/9/1999,7,114
144,Neucasa,23/7/1991,11,669
145,Las Lomas,25/2/2007,17,368
146,Obra Civil,19/6/2008,3,302
147,Extras,2/8/1997,19,598
148,Residencia Minondo-Stillman,14/6/2005,8,70
149,Residencias Arevalo,2/7/1998,13,141
150,La Jolla,10/3/1998,6,280
151,Fase I,9/1/2013,16,401
152,Casa 7,13/12/1998,6,261
153,Hacienda Vista Hermosa,16/10/1992,11,89
154,Urbanizacion,28/2/2002,12,71
155,Casas,10/7/1994,3,206
156,Edificio Comcel,9/2/2016,20,128
157,Residencia Celina Castaneda,23/3/1993,18,521
158,Residencia Diego Castaneda,3/5/2003,3,52
159,Joya de Oro III,20/9/2016,16,237
160,Canadas de Oakland,27/9/1991,20,270
161,Wendy's Xela,3/5/2014,20,232
162,Oakland Mall,20/2/2012,11,650
163,Coordinacion y Supervision,23/3/1992,2,581
164,Obra Civil,7/6/2005,21,14
165,Hidrosanitarias,21/5/2009,17,141
166,Rampa Las Margaritas,4/12/1990,15,29
167,Pavimentos,27/11/1995,1,388
168,Supervision de Cines. OM,25/11/2003,20,39
169,Villa Tiepolo,18/6/2002,4,438
170,Villa Ensenada,7/2/2007,12,192
171,Pasarela 2 CC,27/5/2012,2,702
172,Liga del Corazon,29/12/1997,4,393
173,Planificacion,7/1/1999,17,342
174,URL 4to Nivel Edificio M,18/6/2012,18,312
175,Puerta Grande,25/10/2006,12,220
176,Escala Roosevelt,24/10/1998,21,534
177,Calculo Estructural,7/6/2008,4,281
178,Coordinacion y Supervision,5/1/2003,17,738
179,Obra Civil,23/1/2003,21,516
180,Hidrosanitarias,29/3/2000,14,502
181,Pavimentacion,26/1/2009,13,727
182,Tunel,11/2/2006,11,402
183,Muros,24/7/1994,14,23
184,Lobby Sotano 1,12/6/2017,3,751
185,Pit de Elevadores,23/10/2016,12,170
186,Azulejo en Banos,29/11/2003,2,497
187,Limpieza de Obra Civil,16/3/1999,18,254
188,Trabajos Varios al 9%,29/6/1996,13,334
189,Remodelacion 64,1/2/1992,11,411
190,Villas de San Martin,7/2/2006,1,736
191,Vistas de San Isidro,20/9/2014,19,697
192,Coordinacion,30/3/1990,1,461
193,Obra Civil,11/8/2005,16,614
194,Villa Cafetto,20/2/2015,7,280
195,Remodelaciones,20/9/2010,5,1
196,Villas Nuevas,3/7/2013,5,741
197,Call Center GE-BAC,25/3/2014,1,206
198,Bodegas Gandara,16/6/1998,15,628
199,Ampliacion Oficinas FC,16/4/2017,21,261
200,La Solana,20/1/2002,15,694
201,Contrato Original,6/1/1998,5,522
202,Apartamento Gaby Morales,11/4/1992,16,300
203,Muro Vifrio Roosevelt,1/4/1993,18,352
204,Villas de Joya de Oro,2/1/1995,20,221
205,Urbanizacion,9/1/2017,11,40
206,Casas,16/9/2011,5,718
207,El Encinal,8/9/1995,18,48
208,Los Cabos,17/10/2002,6,81
209,Vifrio Salcaja,12/3/1990,12,514
210,Movimiento de Tierras,24/11/1996,6,689
211,Residencia Abed,21/3/2017,15,211
212,Apartamentos 19-10,25/4/1994,11,136
213,Coordinacion y Supervision,21/10/2011,17,232
214,Residencia Nunez,2/5/2009,10,618
215,Residencia Heredia,4/1/2016,2,691
216,Canadas de Oakland Fase II,5/7/1995,1,302
217,Casa Trento,3/2/2013,20,115
218,Urbanizacion,30/1/2013,1,325
219,Casas,10/4/1995,5,597
220,Torre,2/11/1994,11,206
221,Penthouse La Solana,28/8/2014,6,77
222,Vista Hermosa Zona 10,16/10/1998,5,435
223,Duke,20/3/1998,5,634
224,Administrativos,21/12/2013,12,536
225,Proyectos Varios,24/9/2015,2,54
226,Trabajos en Bodegas Castaneda,26/10/2002,4,572
227,Talud Las Nubes,10/12/2003,9,515
228,Trabjos en Universidad Galileo,25/3/2000,8,273
229,Trabajos de Ampliacion Garita Cayala,16/10/2002,13,27
230,Planificacion El Zapote,24/7/2004,10,306
231,Rampa Insuasa,13/10/2010,10,722
232,Trabajos Jose Paz,28/1/1991,7,215
233,Coordinacion Salcaja,11/3/2003,5,673
234,Impermeabilizacion Residencia Paiz,26/3/1992,4,624
235,Calculo Estructural Cines Cascada (Honduras),22/11/1990,8,684
236,Atencion a Reclamos,19/5/2006,4,229
237,General,13/5/1993,2,303
238,Gazebo,27/2/1999,4,383
239,Fase I,10/6/2002,16,693
240,Fase II,31/4/2012,9,449
241,R44,30/5/2015,5,367
242,El Sendero,3/5/1995,18,626
243,Canadas de Elgin,2/12/2011,4,609
244,Bosque Escondido,30/1/2001,10,685
245,Urbanizacion,10/6/2003,14,700
246,Casas,16/9/2006,5,180
247,Portal del Bosque,18/1/1990,7,726
248,Fase I,30/1/2004,7,84
249,Fase II,24/7/1996,7,30
250,Fase III,9/1/2010,18,47
251,Trabajos Casa No. 84,22/12/2009,20,533
252,Residencia Bruning,15/1/2010,11,271
253,Premier Campestre,30/5/2009,12,143
254,Los Abetos,14/5/2004,15,650
255,Neucasa,2/8/2015,20,477
256,Las Lomas,5/7/2001,6,217
257,Obra Civil,31/8/2002,4,589
258,Extras,21/11/2009,2,376
259,Residencia Minondo-Stillman,19/4/2000,5,368
260,Residencias Arevalo,31/8/1991,15,312
261,La Jolla,12/7/2003,21,291
262,Fase I,24/12/1990,2,519
263,Casa 7,31/10/2012,11,165
264,Hacienda Vista Hermosa,23/12/1990,1,684
265,Urbanizacion,2/5/2000,14,374
266,Casas,20/11/2009,1,738
267,Edificio Comcel,31/11/2010,21,427
268,Residencia Celina Castaneda,3/1/1990,19,410
269,Residencia Diego Castaneda,23/8/1998,3,335
270,Joya de Oro III,1/8/2002,3,555
271,Canadas de Oakland,20/4/2014,14,484
272,Wendy's Xela,14/5/2001,5,740
273,Oakland Mall,26/10/2016,21,147
274,Coordinacion y Supervision,9/3/2001,5,391
275,Obra Civil,11/6/2003,10,489
276,Hidrosanitarias,21/2/1999,6,93
277,Rampa Las Margaritas,17/7/1996,10,333
278,Pavimentos,12/12/2005,21,667
279,Supervision de Cines. OM,12/12/2010,10,235
280,Villa Tiepolo,23/3/2013,13,572
281,Villa Ensenada,13/1/1992,4,350
282,Pasarela 2 CC,9/12/1997,16,650
283,Liga del Corazon,23/8/2001,6,676
284,Planificacion,21/10/1994,2,594
285,URL 4to Nivel Edificio M,8/6/2010,8,326
286,Puerta Grande,5/1/1997,1,96
287,Escala Roosevelt,10/1/2011,4,7
288,Calculo Estructural,6/8/2012,9,371
289,Coordinacion y Supervision,22/5/2000,14,616
290,Obra Civil,30/4/1990,20,512
291,Hidrosanitarias,5/10/2017,13,324
292,Pavimentacion,25/1/2016,10,145
293,Tunel,19/1/1998,19,178
294,Muros,11/12/2009,15,176
295,Lobby Sotano 1,2/3/2000,3,296
296,Pit de Elevadores,16/4/2015,16,483
297,Azulejo en Banos,18/3/2008,19,383
298,Villas de San Martin,6/9/2016,4,637
299,Vistas de San Isidro,16/4/1993,14,458
300,Coordinacion,18/3/2009,1,99
301,Obra Civil,16/8/2006,19,749
302,Villa Cafetto,1/4/2012,20,221
303,Remodelaciones,11/10/2012,21,90
304,Villas Nuevas,1/1/1992,10,621
305,Call Center GE-BAC,20/7/2009,17,463
306,Bodegas Gandara,15/9/1997,7,264
307,Ampliacion Oficinas FC,11/4/2005,13,751
308,La Solana,25/7/1995,10,687
309,Contrato Original,31/12/2001,7,408
310,Apartamento Gaby Morales,11/10/2001,9,632
311,Muro Vifrio Roosevelt,18/7/1993,20,117
312,Villas de Joya de Oro,20/11/1998,9,371
313,Urbanizacion,28/6/2016,1,203
314,Casas,29/1/1995,4,641
315,El Encinal,31/10/2013,17,512
316,Los Cabos,3/9/2001,9,201
317,Vifrio Salcaja,9/8/2002,14,447
318,Movimiento de Tierras,17/11/2013,4,370
319,Residencia Abed,1/1/2009,12,590
320,Apartamentos 19-10,8/8/2007,16,733
321,Coordinacion y Supervision,9/9/2005,16,283
322,Residencia Nunez,12/3/2004,2,207
323,Residencia Heredia,24/2/2007,4,37
324,Canadas de Oakland Fase II,17/5/2017,16,266
325,Casa Trento,18/6/2007,3,300
326,Urbanizacion,14/7/2013,6,594
327,Casas,16/6/2013,17,407
328,Torre,6/11/1996,11,186
329,Penthouse La Solana,17/10/1993,21,255
330,Vista Hermosa Zona 10,29/1/1998,15,437
331,Duke,8/7/2011,7,506
332,Administrativos,29/1/1990,19,77
333,,17/8/1993,1,655
334,Trabajos en Bodegas Castaneda,1/6/2013,6,231
335,Loza La Solana,21/8/2003,20,524
336,Talud Las Nubes,22/6/1998,10,531
337,"Alfi, S.A.",5/10/2001,8,73
338,Trabjos en Universidad Galileo,14/1/2007,7,371
339,Trabajos de Ampliacion Garita Cayala,4/9/2010,8,575
340,Planificacion El Zapote,8/1/2011,3,392
341,Rampa Insuasa,11/10/2003,20,221
342,Trabajos Jose Paz,10/6/2003,20,517
343,Trabajos Casa Fauso Arimany,8/12/2015,18,493
344,Coordinacion Salcaja,31/9/2004,4,567
345,Impermeabilizacion Residencia Paiz,12/8/2006,13,717
346,Calculo Estructural Cines Cascada (Honduras),7/11/1994,2,424
347,Parqueo MOAI,1/10/1996,7,410
348,Casco de San Rafael,30/8/1991,14,568
349,Apartamento Tiffany,16/6/2011,8,440
350,Guatemala Country Club,15/8/2017,14,308
351,Wal-mart,18/2/2005,2,5
352,"Distribuidora Mariscal, S.A.",26/3/2015,9,566
353,Casa Beatriz de Sagastume,22/4/1999,1,134
354,Residencia Cohen - Marina del Sur,14/4/2001,21,102
355,Reparaciones Casa 9 Cayala,26/5/2000,21,344
356,"HAINAN, S.A.",8/8/2016,19,487
357,"Medicina Corporativa, S.A.",22/9/2015,11,527
358,Cabina de Maquinas - Edificio Recinos,12/8/2003,16,189
359,Flor de Castillo San Isidro,23/10/1995,14,591
360,Diseno Estruc. R. Novielli,12/4/2008,3,377
361,Casa 41 Canadas de Elgin,24/1/1994,12,387
362,Mant. y Rep. - Residencia Descamp,28/1/1997,5,515
363,Miraflores III - Calculo Estructural,29/2/1995,11,44
364,Lote Vecino - Casa Mirella Arevalo,23/5/1993,2,153
365,Canal + Talud - Las Nubes,1/8/1991,5,322
366,Rep. drenajes Bodega Insuaza,2/10/2016,19,222
367,Portal del Cortijo Z.10 Casa 16,3/5/1997,11,623
368,"Univ Galileo, drenaje de concreto",24/2/2009,4,167
369,Casa 39 en Canadas de Elgin,12/8/2016,1,85
370,Cisterna Casa Carlos Leon,12/10/1995,10,483
371,Bodega FC Z. 10,21/10/2012,15,650
372,Residencia Caceres Miron,4/10/1998,17,69
373,Evalua. Bodegas Puerta de Occidente,29/5/1998,1,16
374,Bodega y Guardiania El Encinal,16/12/2001,19,20
375,Residencia Jose Gereda,11/8/1994,6,546
376,Mant. de Propiedades,17/7/2011,2,135
377,Remod. Resid. Jorge Maldonado,5/7/1992,6,16
378,Calculo Estruc. Unicentro,18/10/1993,1,294
379,UFM Laboratorio,27/4/2016,12,181
380,Villa 5 D La Reunion,22/7/2011,18,104
381,Bodeoffice 42 Calle,15/6/1996,9,99
382,Casa Inclan Via Siete (inversion),11/5/2012,3,704
383,Garita Las Nubes,17/9/1994,9,659
384,Muro Perimetral Nunez,28/11/2001,4,387
385,El Encinal Muro Perimetral,18/10/1990,9,690
386,El Encinal Garage y Taller,10/11/2011,17,476
387,"Moai, S.A. Remodelacion Oficinas",30/8/2008,19,115
388,Refuerzo Boveda Ficohsa Unicentro,24/10/1999,18,264
389,Muro Perimetral Perez Villatoro,9/3/1996,16,122
390,Investigacion de Proyectos,1/12/1993,18,358
391,A2 Muxbalia,4/12/2017,10,306
392,Manteni-miento Vifrio,6/9/2000,10,665
393,Mantenimiento INUASA,4/2/2013,20,442
394,Residencia Irisarri Via Siete,24/7/2007,4,286
395,Reparac.y Mant.casa Dr. Solorzano,29/5/2003,12,119
396,Remodelacion Apto. Tiffany 5D,17/11/2007,20,171
397,Ampliacion Oficinas Bicafe,5/9/2009,2,381
398,OAKLAND Intervencion 01 Torre Blanca,10/10/1995,12,401
399,Reparac.Casa Bugambilias de Cayala,3/2/1993,20,726
400,CALCULOS ESTRUCTURALES VARIOS,13/8/2001,7,6
401,OAK L-016 Refuerzo Losa piso PB,27/2/2011,8,213
402,"Supervision Ampliacion, Modific. CC OM",4/3/1999,11,274
403,OAK Refuerzos Metalicos Varios,19/12/2012,8,576
404,"OAK Trabajos Varios Mensulas,Platinas,Pantallas Led",11/5/2006,2,238
405,Atencion a Reclamos,27/8/2007,5,411
406,General,23/6/2013,12,147
407,Resid. Gustavo Garcia - Marina del Sur,18/10/1996,14,340
408,Reparaciones Neucasa,23/4/2012,17,617
409,Gazebo,19/11/2013,10,129
410,Fase I,19/3/1994,20,260
411,Fase II,7/12/1998,1,677
412,R44,5/3/2001,11,491
413,Fase III,7/10/2014,17,556
414,Proyectos F3,10/7/2001,6,330
415,El Sendero,29/7/2002,1,747
416,Canadas de Elgin,7/2/2001,7,720
417,Bosque Escondido,26/10/2011,15,196
418,Urbanizacion,26/5/2015,16,353
419,Casas,11/12/1995,15,75
420,Canje Casa No. 3,1/3/1997,4,702
421,Portal del Bosque,11/10/1990,11,718
422,Fase I,11/5/2013,4,321
423,Fase II,30/4/1991,15,567
424,Fase III,7/8/2008,11,134
425,Trabajos Casa No. 84,3/6/1996,6,416
426,Residencia Bruning,29/11/2014,1,382
427,Premier Campestre,11/6/2008,9,179
428,Los Abetos,6/10/1993,3,592
429,Neucasa,29/11/2016,5,91
430,Las Lomas,3/8/1999,21,599
431,Obra Civil,2/10/2009,11,21
432,Extras,24/8/1999,17,119
433,Trabajos Extra Casa 33,18/5/1999,6,373
434,Trabajos Casa 3 - Enrique Neutze,11/12/1997,14,610
435,Trabajos Casa 16 - Guisela Samayoa,31/7/2009,9,366
436,Trabajos Casa 29,9/11/2015,17,516
437,Trabajos Extras Fase IV ,22/12/2003,17,470
438,Residencia Minondo-Stillman,17/10/2009,12,62
439,Residencias Arevalo,14/8/2015,21,186
440,La Jolla,10/6/2005,21,3
441,Fase I,4/12/1992,21,98
442,Casa 7 Obra Gris,29/5/2017,10,202
443,Casa 7 Urbanizacion,10/5/2015,6,131
444,Casa 7 Acabados,19/9/2017,4,465
445,Casa 7 Trabajos Hugo Bianchi,24/2/2003,7,672
446,Hacienda Vista Hermosa,1/12/2000,9,311
447,Urbanizacion,11/12/2009,2,400
448,Casas,14/3/2016,9,641
449,Hacienda V.H. Casas Fase II,13/2/2015,20,447
450,Edificio Comcel,8/5/1995,20,284
451,Residencia Celina Castaneda,22/4/1998,7,195
452,Residencia Diego Castaneda,14/2/2007,3,418
453,Joya de Oro III,13/2/2003,15,163
454,Canadas de Oakland,30/4/2001,7,251
455,Wendy's Xela,26/1/2001,4,622
456,Oakland Mall,29/3/2014,7,732
457,Coordinacion y Supervision,23/3/2008,21,199
458,Obra Civil,4/2/1993,7,84
459,Hidrosanitarias,2/11/2004,21,540
460,Rampa Las Margaritas,6/12/2007,3,230
461,Pavimentos,23/12/2003,1,279
462,Supervision de Cines. OM,16/7/1991,4,705
463,Villa Tiepolo,14/2/1995,16,352
464,Villa Ensenada,6/3/2003,9,50
465,Pasarela 2 CC,18/12/2008,10,313
466,Liga del Corazon,24/2/2014,1,524
467,Planificacion,24/6/2013,2,314
468,URL 4to Nivel Edificio M,29/10/1996,6,561
469,Puerta Grande,19/3/2016,8,673
470,Fase II,17/5/2000,19,174
471,Escala Roosevelt,23/8/2014,12,436
472,Calculo Estructural,11/4/1995,15,392
473,Coordinacion y Supervision,30/11/2003,13,349
474,Obra Civil,5/2/2008,18,721
475,Hidrosanitarias,3/2/2004,14,167
476,Pavimentacion,7/6/2011,19,79
477,Tunel,22/6/1993,10,707
478,Muros,18/8/2003,14,698
479,Lobby Sotano 1,9/6/1992,2,715
480,Pit de Elevadores,2/5/1999,17,28
481,Azulejo en Banos,11/11/2004,8,307
482,Limpieza de Obra Civil,29/1/2005,15,101
483,Trabajos Varios al 9%,31/2/1998,21,16
484,Remodelacion 64,24/2/2001,17,694
485,Cines,5/12/1996,10,156
486,Levantados WM,14/3/2007,18,240
487,Villas de San Martin,9/7/2006,3,423
488,Vistas de San Isidro,27/9/2002,12,559
489,Coordinacion,28/1/1996,8,641
490,Obra Civil,31/8/1998,14,304
491,Trab. Extras Casa Mayorga,17/4/1992,16,362
492,Trab. Extras Casa Castillo,2/2/2007,21,515
493,Villa Cafetto,13/2/2007,21,350
494,Remodelaciones,19/1/1990,21,316
495,Villas Nuevas,20/12/1991,20,449
496,Call Center GE-BAC,26/2/1994,7,587
497,Bodegas Gandara,13/8/2004,1,714
498,Ampliacion Oficinas FC,11/1/2006,5,671
499,La Solana,16/11/1995,21,29
500,Contrato Original,15/3/1993,1,37
501,Apartamento Gaby Morales,26/7/2009,13,212
502,Muro Vifrio Roosevelt,6/6/2013,2,591
503,Villas de Joya de Oro,25/7/1997,4,359
504,Urbanizacion,26/9/2005,15,150
505,Casas,30/9/2002,9,121
506,El Encinal,19/12/2004,21,68
507,Los Cabos,16/3/2006,4,299
508,Cierre de proyecto,6/1/2008,2,172
509,Canje - Villas,29/6/2008,12,96
510,Vifrio Salcaja,31/5/1995,20,704
511,Movimiento de Tierras,11/11/2007,7,531
512,Residencia Abed,1/11/2008,16,42
513,Acabados por Administracion,2/8/1999,17,18
514,Apartamentos 19-10,26/4/2015,14,216
515,Coordinacion y Supervision,1/3/1992,19,579
516,Residencia Nunez,4/5/2016,15,133
517,Residencia Heredia,23/1/2013,13,405
518,Canadas de Oakland Fase II,13/11/2009,9,188
519,Casa Trento,28/9/2010,19,514
520,Urbanizacion,8/6/2011,9,711
521,Casas,2/10/2000,10,742
522,Torre,10/11/1994,5,522
523,Penthouse La Solana,17/2/2011,1,203
524,Vista Hermosa Zona 10,31/3/1992,12,208
525,Duke,2/6/1999,9,104
526,Refuerzo de Estructura Metalica,6/11/2004,11,314
527,NO USAR,9/2/1992,16,538
528,Centro Comercial San Isidro,6/12/2017,19,277
529,Obra Civil,22/8/1997,9,179
530,Coordinacion y Supervision,24/12/2003,12,192
531,Hidrosanitarias,3/2/1996,17,317
532,Vista Hermosa III,22/9/1994,7,55
533,Urbanizacion,20/7/1995,13,271
534,Casa,30/4/2006,11,42
535,Trabajos Extras,29/4/2013,10,254
536,Pinula Forest,31/4/2017,15,199
537,Pinula Forest Urbanizacion,10/6/1999,3,288
538,Edificio Rincones del Zapote,18/1/1996,17,297
539,"Rincones del Zapote,Obra Civil",6/9/1998,7,35
540,Residencia Perez,6/11/2010,5,552
541,"Resid. Perez,Obra Civil",8/6/1999,21,348
542,Residencia Muralles,13/5/2014,15,540
543,Resid. Muralles Obra Civil,11/6/2001,19,126
544,Reparac. Y Mant. Resid.Muralles,1/12/2013,2,486
545,Residenciales San Diego,1/1/1995,9,273
546,San Diego Obra Civil,21/4/2016,10,722
547,"R. San Diego, Fase II",25/4/1995,19,71
548,Edificio Oakland 12-24,3/2/1999,12,703
549,"Edificio Oakland 12-24,Obra Civil",7/10/2015,21,110
550,URL Centro de Formacion Integral,13/9/2014,7,88
551,URL Obra Civil,29/7/2003,10,403
552,Bahia Blanca B.E. Casas,27/12/2002,15,130
553,"Bahia Blanca, Obra Civil",26/12/1993,20,72
554,Trabajos Extras,7/7/1990,1,396
555,Colegio del Valle,5/12/1995,13,479
556,"Obra Civil,Colegio del Valle",18/9/2008,8,527
557,Trabajos Adicionales,24/10/2006,5,148
558,Liga del Corazon,26/8/1998,17,661
559,Refuerzo de Edificio Existente,4/10/1998,14,289
560,L.C. Habilitacion Edificio Existente,16/1/2005,21,310
561,L.C. Hospital,8/7/2001,6,285
562,Pozo + P. Baja y Sotano Edif. Exis.,2/6/1996,20,225
563,Casco San Rafael,5/3/2009,12,13
564,Coordinacion y Supervision,11/6/2005,21,304
565,"Calculo, Diseno y Planificacion",30/3/2013,18,359
566,Plans. y Mats. P/Apoyo en Campo,19/2/2014,2,56
567,Trab. Adicionales en Campo,21/5/2013,15,637
568,Trab. Hidrosanitarias,5/3/2007,3,532
569,Muros de Contencion,1/2/2007,5,405
570,Construc. Muros Tipo Sierra,7/9/1996,14,670
571,Ampliacion Via Muxbal,24/6/2006,9,211
572,Colector Externo Salida Muxbal,17/8/2017,16,645
573,Grupo SC B.E.,7/8/2013,1,671
574,Obra Civil (Grupo SC),11/1/1996,7,742
575,Via 7,30/6/2010,4,243
576,Coordinacion y Supervision,24/1/2002,15,750
577,"Via 7,Calculo Estructural y Dibujo",16/10/1994,1,182
578,"Via 7,Trabajos Preliminares",26/10/1999,4,71
579,"Via 7, Muros de Contencion",4/10/2008,19,2
580,"Via 7, Hidrosanitarias",12/9/2006,8,295
581,"Via 7, Levantados",23/11/2007,17,337
582,"Via 7, Obra Gris Casas",5/12/2014,8,266
583,"Via 7, Pavimentos",27/6/2009,9,605
584,"Via 7, Molduras",17/10/2008,8,53
585,Policlinico Zona 9,3/1/2011,4,142
586,"Obra Civil, Policlinico Z.9",11/4/2007,20,440
587,Coordinacion y Supervision,27/7/2002,5,610
588,Calculo y Planificacion,5/12/2000,13,39
589,Arquitectura,20/8/1999,17,596
590,Muxbalia,26/11/1999,4,705
591,Administrativos,27/8/2005,5,510
592,"Muro Perimetral, Muxbalia",11/5/2005,16,61
593,Edificio A,11/1/2011,15,308
594,Edificio B,5/11/2001,17,123
595,Villa Orotava,9/1/1992,11,494
596,Diseno y Planificacion,30/6/2016,9,89
597,Bodegas Insuaza - Rampa y Anden de Descarga,21/9/1992,16,620
598,"B.Insuasa,R.Anden,Obra Civil",13/4/2015,8,393
599,Edificio Eneldos,26/2/2008,21,80
600,Diseno y Planificacion,29/1/2004,12,211
601,Athenaeum - Diseno y Planificacion,23/12/1993,3,663
602,Puente de Tuberia Chixoy,18/2/1999,16,479
603,Edificio Trento,16/7/2007,18,430
604,Diseno y Planificacion TRENTO,10/3/1998,21,527
605,Obra Gris Casa Trento,13/7/2003,21,178
606,Muro M. de O. G.B.B. Casa Trento,26/12/2009,19,67
607,UFM - Remod. Aula Magna,23/4/1999,14,450
608,Levantados de Portales,3/9/1990,13,180
609,Levantados Portales Fase 1,23/1/1992,7,2
610,Hacienda Vista Hermosa (Segunda Etapa),7/2/1999,16,363
611,H.V.H. Casas Etapa II,2/12/1999,13,462
612,H.V.H. Trab. Extras Casas Etapa II,29/11/2010,7,423
613,H.V.H. Casas Etapa III,30/1/2014,2,646
614,H.V.H. Trab. Extras Casas Etapa III,11/5/2002,14,484
615,Residencia Novielli,12/11/2017,18,47
616,Residencia Novielli Acabados,5/7/2015,19,14
617,Colegio El Valle Fase II,28/4/2015,6,126
618,Miraflores Levantados Fase III,1/12/2009,12,585
619,Miraflores Levantados Fase III,12/6/1998,21,417
620,Edificio Xpo-Decor,8/9/2004,11,743
621,Mov. de Tierras Edif. Xpo-Decor,25/12/2017,16,39
622,Obra Gris Estruc. Principal Xpo-Decor,21/2/2002,15,466
623,Estruc. Metalica Xpo-Decor,1/5/2016,4,687
624,Resid. Innovacel,8/10/1993,9,283
625,Obra Gris Resid. Innovacel,18/11/1990,3,468
626,Hidrosanitarias Resid. Innovacel,30/1/1991,6,42
627,Trab. Adicionales Resid. Innovacel,30/4/2002,11,437
628,CSR Obra Civil Dielcom,24/10/1994,3,663
629,Muxbalia Torre de Apartamentos,10/5/2008,13,635
630,Muxbalia Apartamentos Obra Gris,4/2/2006,18,416
631,Casco San Rafael Segunda Etapa,7/7/2012,19,30
632,Relleno en Area Social,7/2/2007,13,314
633,Muro Perimetral,6/9/1995,18,617
634,Planta de Tratamiento,30/11/1993,9,351
635,Cisterna de Conjunto,18/11/2008,9,272
636,Pavimento,21/4/1993,1,619
637,Tigo,1/12/2016,18,319
638,Tas,31/9/1996,3,217
639,Instalaciones de Conjunto,23/3/2010,14,742
640,Garita de Ingreso San Rafael,28/4/1992,19,487
641,Ingreso Adoquin Casas,1/3/2012,19,397
642,Instalacion de Piso Pocelanato,25/9/2005,6,292
643,Jardinizacion de Conjunto y Proteccion de taludes,9/2/2010,8,658
644,Ampliacion Ingreso de Garage en Casas,22/11/2016,1,586
645,Trabajos para Ingreso del Personal a Fase II y III,24/4/2016,19,666
646,Modificacion Gancho 3,20/3/1995,15,520
647,Plataforma Lote No.04,27/6/2013,3,551
648,Mitigacion Invierno 2012,1/2/2010,11,636
649,Invierno 2012 Boulevard F.II y III,10/2/1995,1,441
650,Posteo de Iluminacion Electrica,9/5/2016,9,243
651,Instalacion de Agua Provisional Fase I,13/2/2016,10,96
652,Muros Medianeros,17/12/1999,11,508
653,Conformacion de Jardines,6/7/2013,20,609
654,Adoquin en Gancho 3,24/4/2000,9,489
655,"Relleno Estructural (1,2,3,4,39,40,41)",28/1/2016,13,347
656,Equipo de Seguridad,28/11/2004,7,566
657,Programa 5 S,31/9/2005,7,677
658,Muros de Ingreso San Rafael,20/6/2004,18,578
659,"Instalacion de Fachaleta casa 14,15,17 y 18",21/7/1993,3,275
660,Acometida Electrica Provisional,25/7/2003,1,497
661,"Muro de Contencion Lotes 1,2 y 3",28/10/2002,11,200
662,Limpieza de Calles,26/3/2017,8,649
663,Relleno Estructural Lote 26,3/8/2004,20,174
664,Cisterna,31/2/1991,4,730
665,Jardinizacion de Patios Traseros en Casa,14/11/1990,10,52
666,Pergolas,1/5/2008,13,737
667,Muro de Contencion Casa 50,15/9/2000,3,73
668,Plataforma FIII,23/7/1996,13,708
669,Invierno 2013,30/8/1990,13,285
670,CSR Inundacion,9/6/2005,4,337
671,Hacienda de Vista Hermosa Fase IV,28/10/1996,10,122
672,Hacienda de Vista Hermosa Fase IV,8/12/2013,16,268
673,Via Siete Fase II,8/6/2007,4,638
674,Nivelacion de Pisos,12/9/2010,9,388
675,Fachaleta de Casas,19/9/1993,7,16
676,Urbanizacion,9/12/2016,7,140
677,Obra Gris Instalaciones,23/10/1991,11,223
678,Obra Gris Complementarias,16/11/2010,17,89
679,Trabajos Senor Serra,21/8/2012,10,139
680,Acabados Via Siete,6/3/2002,14,106
681,Casco San Rafael Casas,17/8/2008,16,614
682,Casa 42-44,29/2/2015,5,575
683,Casa 46,16/1/1994,9,110
684,Casa 48,13/12/2009,8,88
685,Casa 50,8/11/2012,2,411
686,Trabajos Extras en Casas,20/2/2004,19,387
687,Plataformas Fase II,7/12/2011,5,283
688,,20/1/2000,5,222
689,Plataformas Fase III,15/8/2013,8,680
690,Casa 40,5/10/2006,10,735
691,Casa 41,16/10/1991,19,212
692,LGC Sotano y Planta Baja,23/7/2000,11,222
693,Sotano y Planta Baja,14/10/2009,5,681
694,Casco San Rafael Casas Fase III,25/7/2012,8,633
695,Casco San Rafael Casas Fase III,22/10/1999,5,385
696,Hacienda de Vista Hermosa Fase V,14/6/1993,16,186
697,Hacienda de Vista Hermosa Fase V,2/12/2011,21,462
698,Las Puertas C.C.,17/4/2004,3,498
699,Coordinacion y Supervision C.C. Las Puertas,28/7/1995,4,536
700,Calculo Estructural C.C. Las Puertas,4/11/2015,5,278
701,Losa Sector No.03,19/2/1991,21,208
702,Trabajos Varios C.C. Las Puertas,12/1/2017,19,277
703,Laderas de Florencia,19/10/1990,2,711
704,Laderas de Florencia Obra Gris,7/8/1997,17,98
705,Laderas de Florencia Complemento,31/11/2003,20,176
706,Laderas de Florencia OG Crepusculo,28/4/2011,4,484
707,Agencia Ficohsa-Xela,15/9/1993,17,16
708,Obra Gris,26/3/1994,21,614
709,Casa Q,27/6/1994,2,484
710,Bodega Vifrio zona 12,20/7/2005,9,127
711,Blue Tower Ventures,14/10/1992,17,653
712,Consultoria,31/6/1998,12,295
713,Gimnasio San Isidro zona 16,17/1/1990,9,524
714,Obra Complementaria Gimnasio San Isidro,12/8/2001,9,225
715,Trento 10,13/5/2002,8,186
716,"Coordinacion, Planificacion y Diseno",7/5/2008,2,505
717,"Residencia Brand Casa B,El Pulte Z.16",19/7/1995,13,497
718,"Residencia Brand Casa B,El Pulte Z.16",2/5/1993,6,83
719,Resid. Brand Acabados,10/6/2011,20,47
720,Supervision Arquitecturay Acabados,20/7/2004,10,597
721,Agencias Ficohsa Z4 Serv Cls y Cajeros,25/5/1995,15,605
722,Agencias Ficohsa Z4 Serv Cls y Cajeros,1/10/2012,19,428
723,"Bodegas Villa Nueva, Rehabilitacion",25/10/2011,10,61
724,"Bodegas Villa Nueva, Rehabilitacion",11/2/2011,18,287
725,Remodelacion Edificio Qualifarm,6/7/2015,14,399
726,Remodelacion Edificio Qualifarm,18/6/2012,3,156
727,Remodelacion Fase 2 Edif.Qualipharm,5/8/2007,1,605
728,Edificio Vilaflor Z.16,24/8/2017,12,621
729,"Edificio Vilaflor, Obra Gris Peliminar",15/10/1999,20,167
730,"Edif.Vilaflor Fase II,Levantados",29/7/1999,18,337
731,Centriko 10,6/6/2000,17,548
732,Nailing Zero Park,27/6/1995,13,244
733,Edificio Camelia,8/3/2014,11,738
734,Planificacion y Diseno Edif. Camelia,23/12/2010,1,71
735,Clinicas Quezaltepeque y Jocotan,18/12/2014,13,361
736,Argenal,23/1/2006,10,744
737,Planificacion Argenal,2/1/1997,11,372
738,Muro Perimetral Argenal,18/7/2013,12,316
739,Casa AA,13/9/2008,10,480
740,Casa RA,4/12/2009,7,194
741,Casa LA,14/7/2009,18,524
742,Oficina Revtec,6/7/2002,17,158
743,Grupo Campeon,1/8/1997,10,515
744,"Grupo Campeon, Planificacion",28/8/2012,19,554
745,Movimiento de Tierra Fase I  GC,12/9/1996,9,546
746,Muros de Contencion +Relleno Especial,30/5/2009,5,690
747,Ordenes de Cambio,6/12/2015,9,479
748,Zapatas y Pedestales,28/6/1990,11,707
749,Cisternas,30/1/1990,14,421
750,"Trab. Banquetas, mallas acometidas",31/1/2000,21,177
751,Servicio de Supervicion GC,27/3/2004,6,471
752,Remodelacion Campero 130 CC Prisa Z.10,24/9/2002,11,644
753,Remodelacion Campero 130 Prisa Z.10,29/10/2001,8,151
754,Residencia Lazos,2/4/1993,16,164
755,Movimiento de Tierra Resid. Lazos,12/3/1998,17,22
756,Muros Sierra Resid. Lazos,9/5/2017,4,129
757,Losa Jardin Resid. Lazos,19/9/2011,12,511
758,Muros de Contencion Resid. Lazos,13/5/1995,5,141
759,Movimiento de Tierra II,24/6/1995,6,262
760,"Cimentacion, Zapatas y Levantados",14/3/2017,14,637
761,Ordenes de Cambio Resid. Lazos,22/10/2007,17,74
762,Casa Bermejo,1/7/2007,11,174
763,Planificacion Casa Bermejo,26/10/2014,1,475
764,"Casa Bermejo Munoz, Obra Civil",27/6/2005,15,559
765,Residencia Morales,16/8/2008,13,375
766,Planificacion y Diseno Resid. Morales,30/5/1997,15,144
767,Construccicon Resid. Morales,1/7/1997,3,655
768,Pollo Campero Z.9 7a.Ave.y 14c.,22/1/1996,14,371
769,Pollo Campero Z.9 Calculo Estructural,11/6/1995,19,265
770,Pollo Campero San Lucas 668,16/3/2004,15,645
771,Pollo Campero San Lucas 668 Remodelacion,6/12/2003,3,452
772,Restaurante PF Chang Zona 10,9/4/2015,6,106
773,Restaurante PF Chang Zona 10,7/8/1999,16,16
774,Centro de Fe y Cultura,21/10/1993,1,185
775,Planificacion Centro de Fe y Cultura,5/3/2002,6,513
776,Pollo Campero Amatitlan C-174,15/1/2012,17,470
777,Pollo Campero Amatitlan C-174 Remodelac.Rest.,30/3/1999,11,436
778,20 Calle - Mini Bodegas,7/5/1993,14,159
779,Planificacion 20 Calle - Mini Bodegas,13/9/2006,4,563
780,Obra Gris 20 Calle-Mini Bodegas,16/6/2016,4,519
781,Campero Parque Amercias,25/3/1992,6,212
782,Obra Gris Campero Parque Americas,1/6/2008,4,173
783,Campero 104 Zona 9,13/2/1998,7,226
784,Obra Gris general Campero 104 Zona 9,28/6/1992,6,73
785,Obra Gris Tunel Campero 104 Zona 9,4/12/1997,18,141
786,Pollo Campero InterPlaza Escuintla,31/10/2004,21,580
787,Pollo Campero InterPlaza Esc. Obra Gris,9/1/2003,9,498
788,ADMIN,8/9/2017,13,641
789,,16/12/1994,17,729
790,Trabajos en Bodegas Castaneda,25/1/1997,6,494
791,Loza La Solana,24/4/1998,2,269
792,Talud Las Nubes,31/12/1995,13,303
793,"Alfi, S.A.",28/10/1991,2,455
794,Trabjos en Universidad Galileo,13/8/2007,9,48
795,Trabajos de Ampliacion Garita Cayala,22/8/2012,15,556
796,Planificacion El Zapote,31/12/2002,8,643
797,Rampa Insuasa,7/9/2002,3,568
798,Trabajos Jose Paz,25/4/2003,5,194
799,Trabajos Casa Fauso Arimany,18/7/1996,11,431
800,Coordinacion Salcaja,9/8/2008,12,362
801,Impermeabilizacion Residencia Paiz,3/4/2010,11,584
802,Calculo Estructural Cines Cascada (Honduras),31/12/2013,7,18
803,Parqueo MOAI,30/2/1998,8,397
804,Casco de San Rafael,12/6/1995,18,700
805,Apartamento Tiffany,25/10/2009,11,501
806,Guatemala Country Club,18/11/1994,12,47
807,Wal-mart,1/5/2005,1,226
808,"Distribuidora Mariscal, S.A.",13/4/2011,10,387
809,Casa Beatriz de Sagastume,31/9/2011,16,21
810,Residencia Cohen - Marina del Sur,26/1/1997,20,151
811,Reparaciones Casa 9 Cayala,3/8/2003,2,710
812,"HAINAN, S.A.",24/12/2001,18,294
813,"Medicina Corporativa, S.A.",18/12/2006,19,283
814,Cabina de Maquinas - Edificio Recinos,17/11/1994,14,524
815,Flor de Castillo San Isidro,6/7/1998,10,160
816,Diseno Estruc. R. Novielli,30/5/2009,9,409
817,Casa 41 Canadas de Elgin,17/8/2004,10,271
818,Mant. y Rep. - Residencia Descamp,13/4/2012,19,437
819,Miraflores III - Calculo Estructural,31/3/1996,17,130
820,Lote Vecino - Casa Mirella Arevalo,27/5/1994,5,200
821,Canal + Talud - Las Nubes,7/2/2002,19,71
822,Rep. drenajes Bodega Insuaza,2/1/1990,5,334
823,Portal del Cortijo Z.10 Casa 16,16/7/2005,17,496
824,"Univ Galileo, drenaje de concreto",27/2/1994,16,713
825,Casa 39 en Canadas de Elgin,9/9/2015,15,264
826,Cisterna Casa Carlos Leon,24/2/2016,19,219
827,Bodega FC Z. 10,18/3/1998,20,188
828,Residencia Caceres Miron,15/12/1998,17,408
829,Evalua. Bodegas Puerta de Occidente,29/10/2000,6,447
830,Bodega y Guardiania El Encinal,12/8/2000,4,499
831,Residencia Jose Gereda,2/10/2004,11,231
832,Mant. de Propiedades,21/3/2008,15,28
833,Remod. Resid. Jorge Maldonado,26/6/2005,3,340
834,Calculo Estruc. Unicentro,7/6/2006,20,248
835,UFM Laboratorio,21/1/2000,1,393
836,Villa 5 D La Reunion,6/12/1993,3,678
837,Bodeoffice 42 Calle,8/8/2011,8,292
838,Casa Inclan Via Siete (inversion),9/4/1992,14,587
839,Garita Las Nubes,24/1/2009,15,681
840,Muro Perimetral Nunez,14/6/1995,14,422
841,El Encinal Muro Perimetral,22/1/2017,14,104
842,El Encinal Garage y Taller,5/10/2011,9,518
843,"Moai, S.A. Remodelacion Oficinas",1/4/2010,12,407
844,Refuerzo Boveda Ficohsa Unicentro,6/9/2008,14,213
845,Muro Perimetral Perez Villatoro,23/4/2005,14,645
846,Investigacion de Proyectos,21/8/1994,17,134
847,A2 Muxbalia,27/12/2016,12,136
848,Manteni-miento Vifrio,5/7/2013,6,514
849,Mantenimiento INUASA,15/8/1993,18,708
850,Residencia Irisarri Via Siete,5/11/2004,15,297
851,Reparac.y Mant.casa Dr. Solorzano,20/10/2007,17,668
852,Remodelacion Apto. Tiffany 5D,5/9/1991,1,605
853,Ampliacion Oficinas Bicafe,31/3/1991,21,201
854,OAKLAND Intervencion 01 Torre Blanca,24/3/1996,15,649
855,Reparac.Casa Bugambilias de Cayala,17/3/2007,17,451
856,CALCULOS ESTRUCTURALES VARIOS,21/6/2001,6,257
857,OAK L-016 Refuerzo Losa piso PB,13/10/2003,21,584
858,"Supervision Ampliacion, Modific. CC OM",25/6/2016,15,337
859,OAK Refuerzos Metalicos Varios,18/5/2013,15,663
860,"OAK Trabajos Varios Mensulas,Platinas,Pantallas Led",8/12/2014,11,29
861,Atencion a Reclamos,1/11/2007,14,318
862,General,22/3/1995,8,356
863,Resid. Gustavo Garcia - Marina del Sur,28/11/2003,13,138
864,Reparaciones Neucasa,1/9/2003,1,182
865,Gazebo,27/12/1997,8,100
866,Fase I,19/11/2007,12,704
867,Fase II,24/8/1998,17,189
868,R44,10/10/2004,9,353
869,Fase III,27/9/2017,15,748
870,Proyectos F3,22/7/2010,4,145
871,El Sendero,19/12/1997,6,312
872,Canadas de Elgin,29/4/1994,2,287
873,Bosque Escondido,4/2/2000,4,188
874,Urbanizacion,15/6/1995,16,405
875,Casas,4/2/1995,16,705
876,Canje Casa No. 3,14/12/2008,9,690
877,Portal del Bosque,2/10/2001,11,91
878,Fase I,14/2/1999,11,678
879,Fase II,30/6/2003,2,723
880,Fase III,2/9/1991,2,613
881,Trabajos Casa No. 84,8/5/2001,4,333
882,Residencia Bruning,7/4/1993,21,504
883,Premier Campestre,21/3/2011,20,394
884,Los Abetos,14/11/2004,11,559
885,Neucasa,31/1/2016,15,135
886,Las Lomas,25/7/2011,14,367
887,Obra Civil,14/7/1991,16,71
888,Extras,14/1/1995,9,740
889,Trabajos Extra Casa 33,14/1/2006,16,580
890,Trabajos Casa 3 - Enrique Neutze,27/6/2007,9,69
891,Trabajos Casa 16 - Guisela Samayoa,16/9/2011,2,371
892,Trabajos Casa 29,8/9/1995,20,726
893,Trabajos Extras Fase IV,30/7/2005,18,91
894,Residencia Minondo-Stillman,4/2/2008,4,689
895,Residencias Arevalo,18/9/1998,19,547
896,La Jolla,18/1/2012,2,266
897,Fase I,14/12/1999,21,462
898,Casa 7 Obra Gris,10/1/2011,20,222
899,Casa 7 Urbanizacion,31/3/2006,13,231
900,Casa 7 Acabados,30/9/1997,12,525
901,Casa 7 Trabajos Hugo Bianchi,17/8/2016,16,589
902,Hacienda Vista Hermosa,16/8/2009,12,40
903,Urbanizacion,23/4/2014,11,185
904,Casas,3/5/2017,6,554
905,Hacienda V.H. Casas Fase II,4/9/2011,21,55
906,Edificio Comcel,21/2/1997,18,397
907,Residencia Celina Castaneda,26/10/1997,10,610
908,Residencia Diego Castaneda,19/7/2013,7,488
909,Joya de Oro III,27/6/1997,14,239
910,Canadas de Oakland,1/6/1995,10,429
911,Wendy's Xela,5/8/2012,20,277
912,Oakland Mall,4/3/1990,7,744
913,Coordinacion y Supervision,24/9/2000,18,337
914,Obra Civil,6/1/2012,6,282
915,Hidrosanitarias,4/12/2013,20,252
916,Rampa Las Margaritas,11/1/1990,20,454
917,Pavimentos,12/3/2002,18,254
918,Supervision de Cines. OM,25/4/1990,2,59
919,Villa Tiepolo,15/10/1993,1,308
920,Villa Ensenada,9/3/2010,2,653
921,Pasarela 2 CC,6/5/2015,9,195
922,Liga del Corazon,26/5/2011,6,132
923,Planificacion,20/11/2000,11,213
924,URL 4to Nivel Edificio M,26/9/1995,14,166
925,Puerta Grande,9/7/1997,9,377
926,Fase II,6/2/2010,7,31
927,Escala Roosevelt,5/12/2010,12,739
928,Calculo Estructural,1/7/2003,9,284
929,Coordinacion y Supervision,31/11/1992,6,102
930,Obra Civil,4/2/2009,4,525
931,Hidrosanitarias,24/10/2012,7,327
932,Pavimentacion,31/1/2002,2,47
933,Tunel,24/10/2004,16,602
934,Muros,2/4/2016,11,15
935,Lobby Sotano 1,15/10/2011,17,712
936,Pit de Elevadores,11/1/2006,19,496
937,Azulejo en Banos,11/8/2012,1,361
938,Limpieza de Obra Civil,10/8/2010,19,297
939,Trabajos Varios al 9%,20/11/1991,6,189
940,Remodelacion 64,15/10/1996,20,127
941,Cines,17/11/2007,6,139
942,Levantados WM,18/7/1997,6,375
943,Villas de San Martin,18/7/2006,11,458
944,Vistas de San Isidro,7/3/2012,11,683
945,Coordinacion,26/2/2014,21,84
946,Obra Civil,9/12/2011,10,389
947,Trab. Extras Casa Mayorga,19/4/1998,8,291
948,Trab. Extras Casa Castillo,2/4/1993,19,49
949,Villa Cafetto,7/5/2014,20,732
950,Remodelaciones,11/10/2017,10,432
951,Villas Nuevas,4/12/2011,18,178
952,Call Center GE-BAC,6/9/1990,5,90
953,Bodegas Gandara,9/9/2004,9,612
954,Ampliacion Oficinas FC,18/4/1996,15,250
955,La Solana,4/2/2005,18,527
956,Contrato Original,14/2/2013,10,586
957,Apartamento Gaby Morales,20/10/2012,16,680
958,Muro Vifrio Roosevelt,24/3/1991,9,551
959,Villas de Joya de Oro,27/1/2013,6,162
960,Urbanizacion,6/1/2007,9,307
961,Casas,15/9/2009,15,145
962,El Encinal,7/6/2017,7,497
963,Los Cabos,4/6/2001,16,179
964,Cierre de proyecto,13/2/2004,10,68
965,Canje - Villas,25/5/2004,4,606
966,Vifrio Salcaja,5/11/1992,7,660
967,Movimiento de Tierras,25/6/2006,20,591
968,Residencia Abed,17/3/1992,13,199
969,Acabados por Administracion,28/8/2011,3,709
970,Apartamentos 19-10,26/12/1992,1,421
971,Coordinacion y Supervision,6/5/1994,4,241
972,Residencia Nunez,12/11/2009,6,569
973,Residencia Heredia,11/8/2002,16,656
974,Canadas de Oakland Fase II,24/5/2015,6,477
975,Casa Trento,25/7/1998,10,593
976,Urbanizacion,7/3/2014,18,589
977,Casas,10/6/1996,1,538
978,Torre,13/6/2013,19,238
979,Penthouse La Solana,29/3/2013,5,165
980,Vista Hermosa Zona 10,3/11/1995,18,358
981,Duke,13/1/1990,9,199
982,Refuerzo de Estructura Metalica,13/2/2009,8,288
983,NO USAR,7/8/2001,20,694
984,Centro Comercial San Isidro,14/11/2006,6,519
985,Obra Civil,15/8/2015,13,52
986,Coordinacion y Supervision,6/6/1996,20,141
987,Hidrosanitarias,26/11/2017,8,344
988,Vista Hermosa III,29/3/2002,21,569
989,Urbanizacion,5/4/1995,18,643
990,Casa,30/10/2006,2,273
991,Trabajos Extras,18/9/2009,21,66
992,Pinula Forest,7/5/1991,6,503
993,Pinula Forest Urbanizacion,8/12/2011,13,509
994,Edificio Rincones del Zapote,20/5/1991,17,14
995,"Rincones del Zapote,Obra Civil",1/6/1991,4,459
996,Residencia Perez,16/6/1996,16,33
997,"Resid. Perez,Obra Civil",8/2/2014,8,69
998,Residencia Muralles,11/8/2010,1,383
999,Resid. Muralles Obra Civil,26/5/2002,1,342
1000,Reparac. Y Mant. Resid.Muralles,20/4/2012,6,202
1001,Residenciales San Diego,27/8/2012,6,670
1002,San Diego Obra Civil,10/6/1991,8,195
1003,"R. San Diego, Fase II",8/12/2011,5,182
1004,Edificio Oakland 12-24,20/12/2000,9,414
1005,"Edificio Oakland 12-24,Obra Civil",18/4/2005,16,49
1006,URL Centro de Formacion Integral,12/4/1997,12,644
1007,URL Obra Civil,10/6/1998,11,326
1008,Bahia Blanca B.E. Casas,21/2/1999,10,349
1009,"Bahia Blanca, Obra Civil",11/12/2007,16,221
1010,Trabajos Extras,10/12/2007,2,375
1011,Colegio del Valle,31/10/2004,1,673
1012,"Obra Civil,Colegio del Valle",2/6/2012,16,540
1013,Trabajos Adicionales,30/4/2012,21,157
1014,Liga del Corazon,13/12/2004,4,333
1015,Refuerzo de Edificio Existente,31/3/1996,20,602
1016,L.C. Habilitacion Edificio Existente,6/10/2007,16,689
1017,L.C. Hospital,11/1/1995,4,502
1018,Pozo + P. Baja y Sotano Edif. Exis.,30/8/2009,5,596
1019,Casco San Rafael,15/11/2010,6,7
1020,Coordinacion y Supervision,5/1/2000,18,393
1021,"Calculo, Diseno y Planificacion",25/8/2010,6,240
1022,Plans. y Mats. P/Apoyo en Campo,4/6/2002,18,634
1023,Trab. Adicionales en Campo,21/11/2003,2,493
1024,Trab. Hidrosanitarias,14/11/2003,8,605
1025,Muros de Contencion,28/3/2004,15,503
1026,Construc. Muros Tipo Sierra,1/1/2010,1,85
1027,Ampliacion Via Muxbal,29/5/2010,4,360
1028,Colector Externo Salida Muxbal,4/6/1999,17,594
1029,Grupo SC B.E.,1/5/1990,6,146
1030,Obra Civil (Grupo SC),14/11/1996,17,457
1031,Via 7,3/11/2009,12,49
1032,Coordinacion y Supervision,14/3/1994,6,309
1033,"Via 7,Calculo Estructural y Dibujo",11/2/2000,14,236
1034,"Via 7,Trabajos Preliminares",28/10/2015,9,422
1035,"Via 7, Muros de Contencion",10/2/1992,18,407
1036,"Via 7, Hidrosanitarias",24/4/2009,3,135
1037,"Via 7, Levantados",20/6/2008,13,321
1038,"Via 7, Obra Gris Casas",10/4/2004,3,8
1039,"Via 7, Pavimentos",12/1/1996,6,548
1040,"Via 7, Molduras",2/8/2000,15,476
1041,Policlinico Zona 9,9/1/2005,17,183
1042,"Obra Civil, Policlinico Z.9",25/11/2007,4,533
1043,Coordinacion y Supervision,7/2/2017,8,72
1044,Calculo y Planificacion,30/2/2002,2,564
1045,Arquitectura,21/10/2008,18,63
1046,Muxbalia,27/1/1990,10,462
1047,Administrativos,20/8/2012,19,659
1048,"Muro Perimetral, Muxbalia",25/12/2010,19,523
1049,Edificio A,12/4/1999,1,281
1050,Edificio B,27/7/1994,8,460
1051,Villa Orotava,24/4/1998,16,630
1052,Diseno y Planificacion,14/4/2004,14,482
1053,Bodegas Insuaza - Rampa y Anden de Descarga,15/6/2016,14,354
1054,"B.Insuasa,R.Anden,Obra Civil",3/4/1998,16,198
1055,Edificio Eneldos,28/3/1999,3,487
1056,Diseno y Planificacion,21/3/2004,10,267
1057,Athenaeum - Diseno y Planificacion,20/9/2015,12,154
1058,Puente de Tuberia Chixoy,8/7/1996,4,326
1059,Edificio Trento,30/4/2005,9,170
1060,Diseno y Planificacion TRENTO,26/8/1996,21,62
1061,Obra Gris Casa Trento,6/9/2013,15,332
1062,Muro M. de O. G.B.B. Casa Trento,30/1/2003,10,114
1063,UFM - Remod. Aula Magna,3/12/2003,6,742
1064,Levantados de Portales,17/11/2016,15,204
1065,Levantados Portales Fase 1,3/1/1994,7,413
1066,Hacienda Vista Hermosa (Segunda Etapa),11/12/2009,5,502
1067,H.V.H. Casas Etapa II,4/4/1997,5,333
1068,H.V.H. Trab. Extras Casas Etapa II,26/11/2003,3,752
1069,H.V.H. Casas Etapa III,17/5/2009,2,216
1070,H.V.H. Trab. Extras Casas Etapa III,23/12/1993,21,7
1071,Residencia Novielli,27/12/1999,12,720
1072,Residencia Novielli Acabados,23/9/2014,15,453
1073,Colegio El Valle Fase II,10/5/2009,16,22
1074,Miraflores Levantados Fase III,26/9/1996,12,134
1075,Miraflores Levantados Fase III,22/11/2004,8,490
1076,Edificio Xpo-Decor,7/9/2010,9,159
1077,Mov. de Tierras Edif. Xpo-Decor,25/8/2014,21,685
1078,Obra Gris Estruc. Principal Xpo-Decor,25/1/2014,1,639
1079,Estruc. Metalica Xpo-Decor,10/4/2016,14,465
1080,Resid. Innovacel,20/2/2005,15,745
1081,Obra Gris Resid. Innovacel,22/12/1999,15,397
1082,Hidrosanitarias Resid. Innovacel,23/3/2012,12,101
1083,Trab. Adicionales Resid. Innovacel,10/4/2008,5,749
1084,CSR Obra Civil Dielcom,10/11/2017,21,381
1085,Muxbalia Torre de Apartamentos,27/10/1998,2,64
1086,Muxbalia Apartamentos Obra Gris,22/8/2014,2,225
1087,Casco San Rafael Segunda Etapa,29/10/2010,7,701
1088,Relleno en Area Social,12/1/2004,8,253
1089,Muro Perimetral,3/8/2011,4,574
1090,Planta de Tratamiento,5/10/1993,14,683
1091,Cisterna de Conjunto,9/2/2008,15,584
1092,Pavimento,20/5/2008,8,332
1093,Tigo,29/9/2011,18,386
1094,Tas,15/5/2014,13,77
1095,Instalaciones de Conjunto,6/8/2013,8,73
1096,Garita de Ingreso San Rafael,19/8/2013,2,754
1097,Ingreso Adoquin Casas,31/6/2013,4,666
1098,Instalacion de Piso Pocelanato,24/12/1990,20,312
1099,Jardinizacion de Conjunto y Proteccion de taludes,26/7/2007,7,45
1100,Ampliacion Ingreso de Garage en Casas,5/3/2009,4,54
1101,Trabajos para Ingreso del Personal a Fase II y III,17/6/2002,10,736
1102,Modificacion Gancho 3,7/9/2002,3,409
1103,Plataforma Lote No.04,9/6/2005,7,145
1104,Mitigacion Invierno 2012,17/7/2016,19,65
1105,Invierno 2012 Boulevard F.II y III,19/6/1991,12,290
1106,Posteo de Iluminacion Electrica,15/8/2008,16,475
1107,Instalacion de Agua Provisional Fase I,23/4/1992,13,718
1108,Muros Medianeros,20/2/1991,19,415
1109,Conformacion de Jardines,3/4/2010,15,606
1110,Adoquin en Gancho 3,31/7/2012,6,726
1111,"Relleno Estructural (1,2,3,4,39,40,41)",20/8/1991,9,211
1112,Equipo de Seguridad,13/3/2014,15,289
1113,Programa 5 S,8/12/1996,5,623
1114,Muros de Ingreso San Rafael,27/3/2004,20,433
1115,"Instalacion de Fachaleta casa 14,15,17 y 18",9/5/2011,13,631
1116,Acometida Electrica Provisional,31/1/2000,4,496
1117,"Muro de Contencion Lotes 1,2 y 3",3/8/1990,18,668
1118,Limpieza de Calles,7/4/2005,16,118
1119,Relleno Estructural Lote 26,27/6/2013,3,257
1120,Cisterna,25/9/2014,13,105
1121,Jardinizacion de Patios Traseros en Casa,16/2/2013,3,354
1122,Pergolas,11/10/1995,16,9
1123,Muro de Contencion Casa 50,5/1/2007,11,444
1124,Plataforma FIII,21/12/1997,20,626
1125,Invierno 2013,30/7/2000,18,10
1126,CSR Inundacion,29/6/1998,16,82
1127,Hacienda de Vista Hermosa Fase IV,24/3/1991,17,604
1128,Hacienda de Vista Hermosa Fase IV,17/2/1990,17,53
1129,Via Siete Fase II,27/10/2011,3,28
1130,Nivelacion de Pisos,1/12/2017,18,151
1131,Fachaleta de Casas,12/1/2010,3,320
1132,Urbanizacion,5/2/2005,18,83
1133,Obra Gris Instalaciones,17/3/2004,5,203
1134,Obra Gris Complementarias,15/10/2005,9,601
1135,Trabajos Senor Serra,14/7/2002,19,344
1136,Acabados Via Siete,21/1/2005,5,266
1137,Casco San Rafael Casas,31/11/2001,20,165
1138,Casa 42-44,14/9/2005,3,353
1139,Casa 46,26/7/2004,15,91
1140,Casa 48,5/5/2000,16,370
1141,Casa 50,24/11/2017,4,102
1142,Trabajos Extras en Casas,8/1/2007,15,253
1143,Plataformas Fase II,29/2/2003,7,484
1144,,9/7/2001,10,508
1145,Plataformas Fase III,27/8/1995,12,696
1146,Casa 40,6/12/2000,8,352
1147,Casa 41,26/6/2012,11,560
1148,LGC Sotano y Planta Baja,12/5/2012,5,705
1149,Sotano y Planta Baja,11/4/2011,16,300
1150,Casco San Rafael Casas Fase III,22/4/2017,8,360
1151,Casco San Rafael Casas Fase III,16/9/1997,13,664
1152,Hacienda de Vista Hermosa Fase V,30/5/2004,4,640
1153,Hacienda de Vista Hermosa Fase V,9/1/1995,6,693
1154,Las Puertas C.C.,25/9/2007,20,157
1155,Coordinacion y Supervision C.C. Las Puertas,20/11/1997,3,488
1156,Calculo Estructural C.C. Las Puertas,12/8/2008,20,733
1157,Losa Sector No.03,12/7/2005,15,278
1158,Trabajos Varios C.C. Las Puertas,11/3/2003,16,252
1159,Laderas de Florencia,22/5/2008,10,250
1160,Laderas de Florencia Obra Gris,5/8/1997,5,665
1161,Laderas de Florencia Complemento,24/1/2016,8,754
1162,Laderas de Florencia OG Crepusculo,15/11/2008,21,216
1163,Agencia Ficohsa-Xela,14/11/2017,18,207
1164,Obra Gris,24/1/1998,21,674
1165,Casa Q,23/10/2002,1,354
1166,Bodega Vifrio zona 12,20/1/2010,20,748
1167,Blue Tower Ventures,6/7/2012,5,125
1168,Consultoria,10/7/1990,18,683
1169,Gimnasio San Isidro zona 16,14/3/2000,17,223
1170,Obra Complementaria Gimnasio San Isidro,17/3/2011,20,167
1171,Trento 10,29/6/2005,14,481
1172,"Coordinacion, Planificacion y Diseno",19/10/2001,3,750
1173,"Residencia Brand Casa B,El Pulte Z.16",21/9/2005,7,609
1174,"Residencia Brand Casa B,El Pulte Z.16",24/2/2011,9,656
1175,Resid. Brand Acabados,22/9/2014,5,353
1176,Supervision Arquitecturay Acabados,28/6/2004,17,731
1177,Agencias Ficohsa Z4 Serv Cls y Cajeros,1/5/1990,19,609
1178,Agencias Ficohsa Z4 Serv Cls y Cajeros,24/1/2005,14,564
1179,"Bodegas Villa Nueva, Rehabilitacion",25/3/2001,10,227
1180,"Bodegas Villa Nueva, Rehabilitacion",2/3/2008,6,610
1181,Remodelacion Edificio Qualifarm,28/8/2014,9,615
1182,Remodelacion Edificio Qualifarm,18/7/2001,10,592
1183,Remodelacion Fase 2 Edif.Qualipharm,1/12/2003,6,8
1184,Edificio Vilaflor Z.16,24/11/2009,4,10
1185,"Edificio Vilaflor, Obra Gris Peliminar",28/9/2000,8,454
1186,"Edif.Vilaflor Fase II,Levantados",1/6/2013,3,208
1187,Centriko 10,7/4/1999,6,296
1188,Nailing Zero Park,15/12/2010,19,559
1189,Edificio Camelia,8/5/1995,20,539
1190,Planificacion y Diseno Edif. Camelia,11/5/2003,2,345
1191,Clinicas Quezaltepeque y Jocotan,3/6/2008,18,414
1192,Argenal,9/8/2000,2,684
1193,Planificacion Argenal,12/1/2012,19,753
1194,Muro Perimetral Argenal,8/12/2010,16,330
1195,Casa AA,25/4/2008,10,400
1196,Casa RA,25/10/1993,15,433
1197,Casa LA,7/4/2000,18,458
1198,Oficina Revtec,1/1/2008,13,621
1199,Grupo Campeon,25/11/1990,18,464
1200,"Grupo Campeon, Planificacion",7/9/2011,11,552
1201,Movimiento de Tierra Fase I  GC,22/10/2010,14,114
1202,Muros de Contencion +Relleno Especial,24/3/2002,14,288
1203,Ordenes de Cambio,2/7/1997,6,516
1204,Zapatas y Pedestales,2/3/2000,16,680
1205,Cisternas,24/7/2007,6,138
1206,"Trab. Banquetas, mallas acometidas",21/2/1995,1,738
1207,Servicio de Supervicion GC,15/5/2016,19,529
1208,Pavimentos de Cuartos Congelados,23/1/1998,19,592
1209,Trabajos de Fase D,9/8/2009,10,472
1210,Trabajos Fase E,22/2/1991,11,294
1211,Remodelacion Campero 130 CC Prisa Z.10,3/3/2009,17,423
1212,Remodelacion Campero 130 Prisa Z.10,4/1/1999,19,37
1213,Residencia Lazos,11/11/2013,8,153
1214,Movimiento de Tierra Resid. Lazos,27/4/1993,19,1
1215,Muros Sierra Resid. Lazos,15/10/2008,2,607
1216,Losa Jardin Resid. Lazos,4/4/2013,20,92
1217,Muros de Contencion Resid. Lazos,6/11/2003,11,75
1218,Movimiento de Tierra II,20/12/1992,8,731
1219,"Cimentacion, Zapatas y Levantados",14/3/1995,16,202
1220,Ordenes de Cambio Resid. Lazos,11/11/2014,5,551
1221,Calculo y Planificacion Resid. Lazos,31/7/1998,5,120
1222,Casa Bermejo,1/9/1991,19,632
1223,Planificacion Casa Bermejo,17/8/2003,10,5
1224,"Casa Bermejo Munoz, Obra Civil",10/3/1992,6,411
1225,Residencia Morales,22/10/2004,18,631
1226,Planificacion y Diseno Resid. Morales,3/5/1994,14,676
1227,Construccicon Resid. Morales,31/1/1991,2,474
1228,Pollo Campero Z.9 7a.Ave.y 14c.,28/12/2009,18,683
1229,Pollo Campero Z.9 Calculo Estructural,21/6/2015,15,188
1230,Pollo Campero San Lucas 668,28/3/2016,18,198
1231,Pollo Campero San Lucas 668 Remodelacion,16/1/1992,15,604
1232,Restaurante PF Chang Zona 10,7/4/2007,9,247
1233,Restaurante PF Chang Zona 10,31/5/2007,19,478
1234,Centro de Fe y Cultura,16/10/2001,3,441
1235,Planificacion Centro de Fe y Cultura,30/2/1997,14,408
1236,Pollo Campero Amatitlan C-174,21/2/2011,4,620
1237,Pollo Campero Amatitlan C-174 Remodelac.Rest.,21/11/2005,12,246
1238,20 Calle - Mini Bodegas,24/10/1998,21,47
1239,Planificacion 20 Calle - Mini Bodegas,5/7/2013,8,540
1240,Obra Gris 20 Calle-Mini Bodegas,10/9/1993,12,603
1241,Campero Parque Amercias,31/10/2015,13,360
1242,Obra Gris Campero Parque Americas,25/10/2004,15,72
1243,Campero 104 Zona 9,23/9/2001,19,47
1244,Obra Gris general Campero 104 Zona 9,14/1/2008,11,711
1245,Obra Gris Tunel Campero 104 Zona 9,4/8/1994,1,219
1246,Pollo Campero InterPlaza Escuintla,17/2/1990,13,654
1247,Pollo Campero InterPlaza Esc. Obra Gris,6/5/2006,5,353
1248,Sede URL Zona 10,26/12/1993,13,502
1249,"Sede URL Zona 10, Gestion Tecnica",21/7/2004,17,727
1250,Remodelacion Food Court Campero,10/10/2001,4,270
1251,Food Court Campero Palin,21/3/2003,16,637
1252,Food Court Campero Santa Lucia,19/11/1998,9,422
1253,ADMIN,13/10/2016,21,459
1254,,18/10/1991,21,122
1255,Trabajos en Bodegas Castaneda,30/10/2007,16,373
1256,Loza La Solana,13/7/1994,8,584
1257,Talud Las Nubes,9/2/2012,11,140
1258,"Alfi, S.A.",6/12/2015,20,730
1259,Trabjos en Universidad Galileo,13/12/2001,1,657
1260,Trabajos de Ampliacion Garita Cayala,22/2/2008,1,747
1261,Planificacion El Zapote,10/2/1999,21,746
1262,Rampa Insuasa,5/2/2004,11,636
1263,Trabajos Jose Paz,23/1/1999,1,604
1264,Trabajos Casa Fauso Arimany,10/6/1993,15,649
1265,Coordinacion Salcaja,16/8/2017,2,382
1266,Impermeabilizacion Residencia Paiz,29/4/1992,12,282
1267,Calculo Estructural Cines Cascada (Honduras),29/2/2002,19,488
1268,Parqueo MOAI,21/5/2015,17,535
1269,Casco de San Rafael,7/6/1993,21,74
1270,Apartamento Tiffany,30/4/2017,6,353
1271,Guatemala Country Club,20/5/2003,1,237
1272,Wal-mart,3/11/1999,15,713
1273,"Distribuidora Mariscal, S.A.",16/5/2013,12,444
1274,Casa Beatriz de Sagastume,12/7/2009,12,689
1275,Residencia Cohen - Marina del Sur,18/6/2000,9,750
1276,Reparaciones Casa 9 Cayala,30/12/1991,10,180
1277,"HAINAN, S.A.",21/4/2017,9,159
1278,"Medicina Corporativa, S.A.",10/2/2008,13,562
1279,Cabina de Maquinas - Edificio Recinos,21/8/2002,3,12
1280,Flor de Castillo San Isidro,23/8/1993,12,6
1281,Diseno Estruc. R. Novielli,30/7/2009,10,561
1282,Casa 41 Canadas de Elgin,23/9/1998,4,727
1283,Mant. y Rep. - Residencia Descamp,1/12/2006,8,20
1284,Miraflores III - Calculo Estructural,1/7/2013,2,110
1285,Lote Vecino - Casa Mirella Arevalo,21/10/2006,11,555
1286,Canal + Talud - Las Nubes,25/11/2007,15,392
1287,Rep. drenajes Bodega Insuaza,31/11/2010,6,69
1288,Portal del Cortijo Z.10 Casa 16,25/7/2007,18,151
1289,"Univ Galileo, drenaje de concreto",5/3/2010,16,651
1290,Casa 39 en Canadas de Elgin,24/2/2001,17,388
1291,Cisterna Casa Carlos Leon,5/12/2005,17,150
1292,Bodega FC Z. 10,12/3/2010,15,6
1293,Residencia Caceres Miron,9/12/1993,11,188
1294,Evalua. Bodegas Puerta de Occidente,30/4/2002,12,474
1295,Bodega y Guardiania El Encinal,20/9/1998,13,171
1296,Residencia Jose Gereda,5/2/2007,18,684
1297,Mant. de Propiedades,9/1/2015,10,398
1298,Remod. Resid. Jorge Maldonado,10/11/2017,15,168
1299,Calculo Estruc. Unicentro,11/7/2015,17,224
1300,UFM Laboratorio,25/8/2016,10,492
1301,Villa 5 D La Reunion,17/8/2012,16,570
1302,Bodeoffice 42 Calle,31/12/1998,12,419
1303,Casa Inclan Via Siete (inversion),21/2/2011,21,279
1304,Garita Las Nubes,21/7/2013,17,8
1305,Muro Perimetral Nunez,9/1/2010,19,674
1306,El Encinal Muro Perimetral,11/3/2008,19,46
1307,El Encinal Garage y Taller,26/12/2011,15,460
1308,"Moai, S.A. Remodelacion Oficinas",12/12/2010,10,115
1309,Refuerzo Boveda Ficohsa Unicentro,2/2/2010,20,138
1310,Muro Perimetral Perez Villatoro,7/10/2006,15,555
1311,Investigacion de Proyectos,21/12/2004,14,503
1312,A2 Muxbalia,9/10/2003,20,413
1313,Manteni-miento Vifrio,19/11/2006,13,161
1314,Mantenimiento INUASA,26/12/2005,9,165
1315,Residencia Irisarri Via Siete,17/2/2016,15,233
1316,Reparac.y Mant.casa Dr. Solorzano,9/12/2011,9,339
1317,Remodelacion Apto. Tiffany 5D,1/4/2017,11,561
1318,Ampliacion Oficinas Bicafe,13/3/1990,3,411
1319,OAKLAND Intervencion 01 Torre Blanca,28/4/1998,16,658
1320,Reparac.Casa Bugambilias de Cayala,19/5/1996,19,265
1321,CALCULOS ESTRUCTURALES VARIOS,19/2/2014,5,136
1322,OAK L-016 Refuerzo Losa piso PB,6/1/2009,3,208
1323,"Supervision Ampliacion, Modific. CC OM",17/2/2015,18,306
1324,OAK Refuerzos Metalicos Varios,16/7/1990,14,559
1325,"OAK Trabajos Varios Mensulas,Platinas,Pantallas Led",1/8/2011,8,143
1326,Atencion a Reclamos,26/9/2001,19,197
1327,General,12/1/2004,18,276
1328,Resid. Gustavo Garcia - Marina del Sur,18/6/1994,3,64
1329,Reparaciones Neucasa,10/11/1993,4,221
1330,Gazebo,17/4/2016,8,646
1331,Fase I,4/5/2010,10,217
1332,Fase II,2/4/2009,1,504
1333,R44,17/9/2016,11,69
1334,Fase III,20/3/1997,21,523
1335,Proyectos F3,31/10/2014,9,654
1336,El Sendero,29/10/2006,6,112
1337,Canadas de Elgin,5/6/2001,19,720
1338,Bosque Escondido,28/8/1996,10,122
1339,Urbanizacion,9/12/1993,13,711
1340,Casas,17/3/2016,13,598
1341,Canje Casa No. 3,12/7/2015,13,174
1342,Portal del Bosque,9/2/2007,15,253
1343,Fase I,17/4/2004,1,497
1344,Fase II,26/10/2006,13,63
1345,Fase III,19/1/2000,11,635
1346,Trabajos Casa No. 84,2/11/1997,6,73
1347,Residencia Bruning,29/5/1990,4,89
1348,Premier Campestre,15/1/2003,18,20
1349,Los Abetos,3/8/1999,21,160
1350,Neucasa,10/10/1997,13,497
1351,Las Lomas,28/4/2017,2,509
1352,Obra Civil,4/7/2009,7,441
1353,Extras,31/9/2012,15,481
1354,Trabajos Extra Casa 33,22/4/2000,11,643
1355,Trabajos Casa 3 - Enrique Neutze,20/7/2007,3,647
1356,Trabajos Casa 16 - Guisela Samayoa,29/6/2003,17,563
1357,Trabajos Casa 29,18/10/2010,20,717
1358,Trabajos Extras Fase IV,21/2/2006,14,617
1359,Residencia Minondo-Stillman,31/8/1998,12,25
1360,Residencias Arevalo,18/4/1997,20,65
1361,La Jolla,5/1/2013,14,336
1362,Fase I,23/2/2006,16,423
1363,Casa 7 Obra Gris,13/8/2000,16,450
1364,Casa 7 Urbanizacion,16/1/2013,21,446
1365,Casa 7 Acabados,21/6/2004,8,402
1366,Casa 7 Trabajos Hugo Bianchi,4/10/2017,7,368
1367,Hacienda Vista Hermosa,31/3/1997,7,114
1368,Urbanizacion,20/12/2001,5,108
1369,Casas,24/12/1990,17,392
1370,Hacienda V.H. Casas Fase II,25/1/2013,2,736
1371,Edificio Comcel,28/10/2016,7,537
1372,Residencia Celina Castaneda,19/8/2011,11,755
1373,Residencia Diego Castaneda,9/6/1995,5,124
1374,Joya de Oro III,9/6/2004,4,599
1375,Canadas de Oakland,5/12/1998,10,190
1376,Wendy's Xela,14/5/2006,5,318
1377,Oakland Mall,6/1/2008,14,329
1378,Coordinacion y Supervision,17/11/2001,1,526
1379,Obra Civil,27/3/1999,18,489
1380,Hidrosanitarias,31/1/2013,16,298
1381,Rampa Las Margaritas,1/12/1996,14,6
1382,Pavimentos,13/1/2012,9,107
1383,Supervision de Cines. OM,4/2/2001,5,472
1384,Villa Tiepolo,6/9/2003,2,379
1385,Villa Ensenada,30/2/1997,17,297
1386,Pasarela 2 CC,3/5/2009,2,550
1387,Liga del Corazon,27/8/1991,12,525
1388,Planificacion,4/4/2004,15,568
1389,URL 4to Nivel Edificio M,17/6/2014,8,300
1390,Puerta Grande,11/3/2001,19,133
1391,Fase II,14/11/2001,7,628
1392,Escala Roosevelt,23/5/2010,13,709
1393,Calculo Estructural,13/9/2006,17,444
1394,Coordinacion y Supervision,21/9/2016,16,738
1395,Obra Civil,14/3/2006,5,153
1396,Hidrosanitarias,3/12/2012,4,35
1397,Pavimentacion,21/9/2012,5,691
1398,Tunel,18/10/2016,9,137
1399,Muros,29/9/2008,7,737
1400,Lobby Sotano 1,19/10/2017,13,22
1401,Pit de Elevadores,25/3/2007,21,287
1402,Azulejo en Banos,21/4/1995,17,616
1403,Limpieza de Obra Civil,16/1/2006,3,390
1404,Trabajos Varios al 9%,16/8/2004,11,391
1405,Remodelacion 64,25/4/2015,7,383
1406,Cines,31/4/2001,11,208
1407,Levantados WM,13/2/2003,7,457
1408,Villas de San Martin,13/7/1994,2,135
1409,Vistas de San Isidro,30/3/1999,11,71
1410,Coordinacion,5/5/1999,3,661
1411,Obra Civil,27/1/2005,15,702
1412,Trab. Extras Casa Mayorga,18/10/2006,11,528
1413,Trab. Extras Casa Castillo,20/12/2001,4,47
1414,Villa Cafetto,22/12/2014,20,642
1415,Remodelaciones,15/5/2000,11,496
1416,Villas Nuevas,21/8/2016,4,708
1417,Call Center GE-BAC,29/2/2012,14,682
1418,Bodegas Gandara,31/2/2009,10,89
1419,Ampliacion Oficinas FC,5/2/1998,1,540
1420,La Solana,10/1/2005,21,472
1421,Contrato Original,29/1/2007,20,254
1422,Apartamento Gaby Morales,17/4/1991,13,248
1423,Muro Vifrio Roosevelt,10/3/2007,1,136
1424,Villas de Joya de Oro,22/8/1990,5,103
1425,Urbanizacion,6/3/1994,14,51
1426,Casas,24/3/1997,14,608
1427,El Encinal,9/4/1994,15,505
1428,Los Cabos,12/1/2011,5,2
1429,Cierre de proyecto,16/3/2013,7,370
1430,Canje - Villas,23/8/1992,18,557
1431,Vifrio Salcaja,12/7/1998,5,733
1432,Movimiento de Tierras,28/8/1991,2,248
1433,Residencia Abed,16/9/2002,5,447
1434,Acabados por Administracion,26/10/1991,16,461
1435,Apartamentos 19-10,21/6/1991,1,260
1436,Coordinacion y Supervision,18/3/1996,21,263
1437,Residencia Nunez,9/8/2006,13,719
1438,Residencia Heredia,15/10/2013,21,460
1439,Canadas de Oakland Fase II,28/4/2017,20,128
1440,Casa Trento,23/12/2013,1,633
1441,Urbanizacion,22/6/1999,20,221
1442,Casas,17/2/2016,12,93
1443,Torre,13/3/2001,14,529
1444,Penthouse La Solana,5/9/2012,16,152
1445,Vista Hermosa Zona 10,14/4/2012,1,572
1446,Duke,17/8/2016,2,85
1447,Refuerzo de Estructura Metalica,11/3/1992,10,125
1448,NO USAR,26/11/2013,8,538
1449,Centro Comercial San Isidro,17/5/2016,18,227
1450,Obra Civil,18/9/1996,11,512
1451,Coordinacion y Supervision,10/3/2015,13,429
1452,Hidrosanitarias,22/4/2002,11,318
1453,Vista Hermosa III,5/9/1997,21,456
1454,Urbanizacion,28/7/2003,3,724
1455,Casa,28/12/1997,15,234
1456,Trabajos Extras,21/6/1992,13,69
1457,Pinula Forest,20/4/2017,6,31
1458,Pinula Forest Urbanizacion,1/7/1993,3,615
1459,Edificio Rincones del Zapote,7/5/2008,18,333
1460,"Rincones del Zapote,Obra Civil",30/11/2008,21,459
1461,Residencia Perez,18/10/2013,15,561
1462,"Resid. Perez,Obra Civil",4/10/2004,20,558
1463,Residencia Muralles,27/9/2008,8,224
1464,Resid. Muralles Obra Civil,26/2/2000,16,742
1465,Reparac. Y Mant. Resid.Muralles,1/11/1998,6,360
1466,Residenciales San Diego,17/6/1998,9,632
1467,San Diego Obra Civil,6/3/2008,9,252
1468,"R. San Diego, Fase II",4/2/2000,2,628
1469,Edificio Oakland 12-24,11/6/1997,3,232
1470,"Edificio Oakland 12-24,Obra Civil",15/12/1996,17,649
1471,URL Centro de Formacion Integral,7/12/1994,11,496
1472,URL Obra Civil,12/8/2007,12,669
1473,Bahia Blanca B.E. Casas,25/12/2003,7,121
1474,"Bahia Blanca, Obra Civil",4/11/1992,10,423
1475,Trabajos Extras,24/11/1993,16,218
1476,Colegio del Valle,28/7/1990,13,215
1477,"Obra Civil,Colegio del Valle",7/11/2000,19,226
1478,Trabajos Adicionales,11/9/1992,19,624
1479,Liga del Corazon,30/11/2000,17,139
1480,Refuerzo de Edificio Existente,17/3/2013,11,482
1481,L.C. Habilitacion Edificio Existente,27/8/2009,17,241
1482,L.C. Hospital,8/4/2013,13,722
1483,Pozo + P. Baja y Sotano Edif. Exis.,23/8/2011,3,124
1484,Casco San Rafael,29/3/1992,10,435
1485,Coordinacion y Supervision,8/8/2009,9,337
1486,"Calculo, Diseno y Planificacion",20/11/2008,10,311
1487,Plans. y Mats. P/Apoyo en Campo,3/8/1998,2,455
1488,Trab. Adicionales en Campo,23/7/1996,20,449
1489,Trab. Hidrosanitarias,24/10/2002,10,631
1490,Muros de Contencion,13/2/2014,3,583
1491,Construc. Muros Tipo Sierra,12/12/1996,12,457
1492,Ampliacion Via Muxbal,26/10/1993,1,140
1493,Colector Externo Salida Muxbal,27/8/2005,14,318
1494,Grupo SC B.E.,2/12/2016,10,564
1495,Obra Civil (Grupo SC),29/6/1990,7,282
1496,Via 7,13/9/2008,9,25
1497,Coordinacion y Supervision,8/4/2001,7,13
1498,"Via 7,Calculo Estructural y Dibujo",6/7/2004,2,300
1499,"Via 7,Trabajos Preliminares",27/11/2002,4,712
1500,"Via 7, Muros de Contencion",6/4/2003,17,398
1501,"Via 7, Hidrosanitarias",15/4/2014,8,317
1502,"Via 7, Levantados",29/4/2016,7,398
1503,"Via 7, Obra Gris Casas",31/9/2010,15,542
1504,"Via 7, Pavimentos",3/12/2016,19,687
1505,"Via 7, Molduras",7/12/2009,18,16
1506,Policlinico Zona 9,8/6/2001,3,307
1507,"Obra Civil, Policlinico Z.9",19/2/2004,1,721
1508,Coordinacion y Supervision,24/12/1994,14,640
1509,Calculo y Planificacion,18/2/2006,17,526
1510,Arquitectura,31/2/2008,8,574
1511,Muxbalia,11/4/2011,21,574
1512,Administrativos,21/4/2001,3,668
1513,"Muro Perimetral, Muxbalia",31/9/2001,13,472
1514,Edificio A,19/12/1998,20,595
1515,Edificio B,23/5/2004,15,253
1516,Villa Orotava,1/2/2007,8,8
1517,Diseno y Planificacion,20/7/2016,17,381
1518,Bodegas Insuaza - Rampa y Anden de Descarga,3/12/1990,9,228
1519,"B.Insuasa,R.Anden,Obra Civil",23/5/2004,1,550
1520,Edificio Eneldos,18/9/2001,21,405
1521,Diseno y Planificacion,20/7/2009,10,590
1522,Athenaeum - Diseno y Planificacion,13/9/2000,4,406
1523,Puente de Tuberia Chixoy,12/6/2012,15,372
1524,Edificio Trento,7/11/2007,16,599
1525,Diseno y Planificacion TRENTO,14/8/1994,4,355
1526,Obra Gris Casa Trento,27/12/2008,15,256
1527,Muro M. de O. G.B.B. Casa Trento,20/12/1999,2,419
1528,UFM - Remod. Aula Magna,22/7/2008,19,578
1529,Levantados de Portales,2/3/2002,2,659
1530,Levantados Portales Fase 1,5/12/2014,19,608
1531,Hacienda Vista Hermosa (Segunda Etapa),23/12/1999,1,474
1532,H.V.H. Casas Etapa II,16/3/2007,21,74
1533,H.V.H. Trab. Extras Casas Etapa II,28/7/2011,13,460
1534,H.V.H. Casas Etapa III,7/9/1993,4,130
1535,H.V.H. Trab. Extras Casas Etapa III,27/2/1997,18,703
1536,Residencia Novielli,20/4/2005,18,712
1537,Residencia Novielli Acabados,18/5/2017,18,345
1538,Colegio El Valle Fase II,31/1/1994,20,612
1539,Miraflores Levantados Fase III,23/4/1990,12,329
1540,Miraflores Levantados Fase III,22/10/2011,15,752
1541,Edificio Xpo-Decor,14/9/2009,12,448
1542,Mov. de Tierras Edif. Xpo-Decor,28/10/2001,5,567
1543,Obra Gris Estruc. Principal Xpo-Decor,20/6/2007,16,706
1544,Estruc. Metalica Xpo-Decor,6/4/2011,13,405
1545,Resid. Innovacel,14/2/2004,10,179
1546,Obra Gris Resid. Innovacel,19/7/2008,4,426
1547,Hidrosanitarias Resid. Innovacel,18/2/2006,1,400
1548,Trab. Adicionales Resid. Innovacel,15/3/2006,14,692
1549,CSR Obra Civil Dielcom,12/12/1996,11,553
1550,Muxbalia Torre de Apartamentos,21/2/2011,17,239
1551,Muxbalia Apartamentos Obra Gris,25/3/1991,18,740
1552,Casco San Rafael Segunda Etapa,17/10/1990,13,129
1553,Relleno en Area Social,21/2/2008,11,589
1554,Muro Perimetral,24/4/2006,20,160
1555,Planta de Tratamiento,30/7/2011,19,755
1556,Cisterna de Conjunto,27/1/1997,12,266
1557,Pavimento,17/1/1990,20,234
1558,Tigo,15/3/2008,14,395
1559,Tas,27/12/1990,14,45
1560,Instalaciones de Conjunto,30/11/2008,10,386
1561,Garita de Ingreso San Rafael,5/10/1992,8,487
1562,Ingreso Adoquin Casas,27/11/1992,3,143
1563,Instalacion de Piso Pocelanato,19/9/2016,2,237
1564,Jardinizacion de Conjunto y Proteccion de taludes,14/5/2008,17,572
1565,Ampliacion Ingreso de Garage en Casas,23/11/2005,1,145
1566,Trabajos para Ingreso del Personal a Fase II y III,12/12/2014,2,714
1567,Modificacion Gancho 3,10/12/2017,6,444
1568,Plataforma Lote No.04,19/8/2002,17,484
1569,Mitigacion Invierno 2012,11/7/1990,8,409
1570,Invierno 2012 Boulevard F.II y III,12/1/2014,14,458
1571,Posteo de Iluminacion Electrica,18/9/1998,20,344
1572,Instalacion de Agua Provisional Fase I,25/12/2005,18,381
1573,Muros Medianeros,24/6/2005,15,566
1574,Conformacion de Jardines,8/11/2007,3,214
1575,Adoquin en Gancho 3,22/8/1990,17,544
1576,"Relleno Estructural (1,2,3,4,39,40,41)",28/3/1998,14,51
1577,Equipo de Seguridad,13/6/1997,17,62
1578,Programa 5 S,14/8/2010,12,14
1579,Muros de Ingreso San Rafael,25/10/1999,18,520
1580,"Instalacion de Fachaleta casa 14,15,17 y 18",10/7/2013,17,538
1581,Acometida Electrica Provisional,6/6/2002,18,618
1582,"Muro de Contencion Lotes 1,2 y 3",27/9/2012,2,631
1583,Limpieza de Calles,7/6/2005,11,200
1584,Relleno Estructural Lote 26,9/8/2000,13,98
1585,Cisterna,27/5/2005,12,486
1586,Jardinizacion de Patios Traseros en Casa,3/7/2005,15,312
1587,Pergolas,8/3/2010,12,177
1588,Muro de Contencion Casa 50,16/6/1994,1,158
1589,Plataforma FIII,8/3/2009,7,413
1590,Invierno 2013,9/2/2013,17,557
1591,CSR Inundacion,16/8/1991,6,445
1592,Hacienda de Vista Hermosa Fase IV,28/7/2003,15,89
1593,Hacienda de Vista Hermosa Fase IV,6/12/2004,14,667
1594,Via Siete Fase II,31/7/1994,4,219
1595,Nivelacion de Pisos,24/8/1993,14,350
1596,Fachaleta de Casas,7/8/1994,13,454
1597,Urbanizacion,3/6/2010,11,481
1598,Obra Gris Instalaciones,30/11/2014,16,153
1599,Obra Gris Complementarias,16/2/2009,8,600
1600,Trabajos Senor Serra,29/3/1994,7,647
1601,Acabados Via Siete,15/12/2007,19,264
1602,Casco San Rafael Casas,9/1/2001,2,509
1603,Casa 42-44,9/9/2005,12,381
1604,Casa 46,30/1/1992,17,481
1605,Casa 48,27/10/2002,6,300
1606,Casa 50,26/7/2010,8,622
1607,Trabajos Extras en Casas,31/6/2004,14,31
1608,Plataformas Fase II,19/2/2008,5,547
1609,,27/6/1994,11,252
1610,Plataformas Fase III,20/3/2000,18,518
1611,Casa 40,28/7/2009,5,201
1612,Casa 41,7/3/2008,15,64
1613,LGC Sotano y Planta Baja,7/4/2012,7,218
1614,Sotano y Planta Baja,20/6/2008,16,133
1615,Casco San Rafael Casas Fase III,28/3/1998,12,536
1616,Casco San Rafael Casas Fase III,2/2/2001,13,603
1617,Hacienda de Vista Hermosa Fase V,9/5/1995,3,351
1618,Hacienda de Vista Hermosa Fase V,4/5/2000,10,116
1619,Las Puertas C.C.,12/7/1998,11,405
1620,Coordinacion y Supervision C.C. Las Puertas,31/3/2010,21,676
1621,Calculo Estructural C.C. Las Puertas,19/4/2006,6,401
1622,Losa Sector No.03,7/8/2017,6,667
1623,Trabajos Varios C.C. Las Puertas,9/12/1993,19,562
1624,Laderas de Florencia,21/5/2016,5,534
1625,Laderas de Florencia Obra Gris,13/12/1990,8,400
1626,Laderas de Florencia Complemento,9/4/2008,17,423
1627,Laderas de Florencia OG Crepusculo,20/9/2002,10,122
1628,Agencia Ficohsa-Xela,17/4/1995,11,702
1629,Obra Gris,15/8/2002,16,165
1630,Casa Q,5/1/2008,12,17
1631,Bodega Vifrio zona 12,14/10/1997,7,207
1632,Blue Tower Ventures,16/1/1999,18,261
1633,Consultoria,6/7/1994,20,426
1634,Gimnasio San Isidro zona 16,20/7/2014,9,484
1635,Obra Complementaria Gimnasio San Isidro,7/2/2012,9,612
1636,Trento 10,11/4/2001,15,718
1637,"Coordinacion, Planificacion y Diseno",4/12/2016,5,181
1638,"Residencia Brand Casa B,El Pulte Z.16",1/11/1999,9,452
1639,"Residencia Brand Casa B,El Pulte Z.16",5/2/2002,4,237
1640,Resid. Brand Acabados,24/7/2003,12,578
1641,Supervision Arquitecturay Acabados,26/11/2002,5,141
1642,Agencias Ficohsa Z4 Serv Cls y Cajeros,23/2/2015,9,231
1643,Agencias Ficohsa Z4 Serv Cls y Cajeros,4/8/2016,16,536
1644,"Bodegas Villa Nueva, Rehabilitacion",24/11/1997,6,623
1645,"Bodegas Villa Nueva, Rehabilitacion",10/2/2009,21,532
1646,Remodelacion Edificio Qualifarm,28/7/2014,14,656
1647,Remodelacion Edificio Qualifarm,22/3/1991,3,122
1648,Remodelacion Fase 2 Edif.Qualipharm,13/11/2006,16,647
1649,Edificio Vilaflor Z.16,25/5/1999,18,616
1650,"Edificio Vilaflor, Obra Gris Peliminar",27/3/2003,15,121
1651,"Edif.Vilaflor Fase II,Levantados",18/10/2007,19,244
1652,Centriko 10,18/2/2001,19,639
1653,Nailing Zero Park,2/5/2003,11,533
1654,Edificio Camelia,23/1/2008,9,66
1655,Planificacion y Diseno Edif. Camelia,8/3/2009,1,711
1656,Clinicas Quezaltepeque y Jocotan,15/1/1999,5,485
1657,Argenal,1/2/2003,11,252
1658,Planificacion Argenal,26/5/1999,11,438
1659,Muro Perimetral Argenal,4/4/2012,6,665
1660,Casa AA,5/10/2014,15,621
1661,Casa RA,24/1/2009,8,486
1662,Casa LA,10/12/1998,16,405
1663,Oficina Revtec,27/9/2003,1,710
1664,Grupo Campeon,14/6/1993,13,618
1665,"Grupo Campeon, Planificacion",15/12/1993,19,737
1666,Movimiento de Tierra Fase I  GC,15/2/2014,20,262
1667,Muros de Contencion +Relleno Especial,8/10/2013,19,472
1668,Ordenes de Cambio,4/7/2015,12,235
1669,Zapatas y Pedestales,11/1/2007,5,8
1670,Cisternas,31/8/1993,15,499
1671,"Trab. Banquetas, mallas acometidas",25/5/2004,12,198
1672,Servicio de Supervicion GC,3/2/2014,14,337
1673,Pavimentos de Cuartos Congelados,5/1/2013,12,577
1674,Trabajos de Fase D,13/12/1990,9,149
1675,Trabajos Fase E,23/8/2002,17,420
1676,Remodelacion Campero 130 CC Prisa Z.10,27/5/2013,16,305
1677,Remodelacion Campero 130 Prisa Z.10,26/8/1996,11,319
1678,Residencia Lazos,24/1/1996,14,531
1679,Movimiento de Tierra Resid. Lazos,23/7/1997,20,12
1680,Muros Sierra Resid. Lazos,18/9/1992,18,578
1681,Losa Jardin Resid. Lazos,16/2/2005,16,248
1682,Muros de Contencion Resid. Lazos,10/8/1993,2,644
1683,Movimiento de Tierra II,23/8/2003,3,638
1684,"Cimentacion, Zapatas y Levantados",4/5/2003,4,647
1685,Casa Bermejo,27/5/2017,1,329
1686,Planificacion Casa Bermejo,21/7/2002,18,308
1687,"Casa Bermejo Munoz, Obra Civil",17/3/2003,8,544
1688,Residencia Morales,24/6/1993,19,398
1689,Planificacion y Diseno Resid. Morales,27/5/1994,12,742
1690,Construccicon Resid. Morales,6/9/2014,7,139
1691,Pollo Campero Z.9 7a.Ave.y 14c.,10/4/2010,3,518
1692,Pollo Campero Z.9 Calculo Estructural,21/9/2017,19,218
1693,Pollo Campero San Lucas 668,3/2/1997,12,605
1694,Pollo Campero San Lucas 668 Remodelacion,2/3/2013,19,320
1695,Restaurante PF Chang Zona 10,31/2/2003,16,500
1696,Restaurante PF Chang Zona 10,31/12/2009,20,117
1697,Centro de Fe y Cultura,27/8/1998,13,54
1698,Planificacion Centro de Fe y Cultura,24/3/1993,17,366
1699,Pollo Campero Amatitlan C-174,1/3/2008,2,21
1700,Pollo Campero Amatitlan C-174 Remodelac.Rest.,15/9/1999,20,680
1701,20 Calle - Mini Bodegas,17/12/1997,20,422
1702,Planificacion 20 Calle - Mini Bodegas,25/10/2007,10,53
1703,Obra Gris 20 Calle-Mini Bodegas,11/4/2000,15,630
1704,Campero Parque Amercias,15/4/1995,5,288
1705,Obra Gris Campero Parque Americas,19/1/1992,19,736
1706,Campero 104 Zona 9,26/12/1990,5,487
1707,Obra Gris general Campero 104 Zona 9,8/10/2003,1,179
1708,Obra Gris Tunel Campero 104 Zona 9,15/12/2012,18,469
1709,ADMIN,2/6/2003,13,25
1710,,13/12/2012,9,164
1711,Trabajos en Bodegas Castaneda,29/9/2001,17,738
1712,Loza La Solana,4/5/1991,18,74
1713,Talud Las Nubes,6/4/2015,17,731
1714,"Alfi, S.A.",13/6/2014,2,159
1715,Trabjos en Universidad Galileo,29/4/2017,4,690
1716,Trabajos de Ampliacion Garita Cayala,10/9/2016,7,155
1717,Planificacion El Zapote,14/10/2003,13,134
1718,Rampa Insuasa,10/12/2001,6,78
1719,Trabajos Jose Paz,9/2/1990,16,444
1720,Trabajos Casa Fauso Arimany,11/10/1996,17,455
1721,Coordinacion Salcaja,16/11/1994,21,593
1722,Impermeabilizacion Residencia Paiz,12/8/1996,8,625
1723,Calculo Estructural Cines Cascada (Honduras),31/6/1994,5,690
1724,Parqueo MOAI,21/5/2005,13,594
1725,Casco de San Rafael,16/7/2000,20,66
1726,Apartamento Tiffany,20/8/2014,8,338
1727,Guatemala Country Club,1/2/1997,14,94
1728,Wal-mart,11/2/2001,12,675
1729,"Distribuidora Mariscal, S.A.",15/4/2014,1,188
1730,Casa Beatriz de Sagastume,1/8/2012,15,608
1731,Residencia Cohen - Marina del Sur,18/10/1991,18,391
1732,Reparaciones Casa 9 Cayala,5/4/2013,13,206
1733,"HAINAN, S.A.",1/11/2005,14,609
1734,"Medicina Corporativa, S.A.",14/11/1997,11,542
1735,Cabina de Maquinas - Edificio Recinos,30/7/2003,17,214
1736,Flor de Castillo San Isidro,2/5/1999,10,265
1737,Diseno Estruc. R. Novielli,4/12/2004,21,241
1738,Casa 41 Canadas de Elgin,21/8/1996,4,28
1739,Mant. y Rep. - Residencia Descamp,31/10/2017,14,30
1740,Miraflores III - Calculo Estructural,2/1/2013,4,626
1741,Lote Vecino - Casa Mirella Arevalo,26/1/2011,1,459
1742,Canal + Talud - Las Nubes,11/5/2004,10,488
1743,Rep. drenajes Bodega Insuaza,18/8/1995,6,26
1744,Portal del Cortijo Z.10 Casa 16,3/4/1995,18,357
1745,"Univ Galileo, drenaje de concreto",6/8/1995,5,721
1746,Casa 39 en Canadas de Elgin,23/11/2005,11,574
1747,Cisterna Casa Carlos Leon,25/9/2017,4,274
1748,Bodega FC Z. 10,27/12/1992,18,160
1749,Residencia Caceres Miron,17/4/2007,3,62
1750,Evalua. Bodegas Puerta de Occidente,13/2/2013,11,58
1751,Bodega y Guardiania El Encinal,24/5/1995,21,272
1752,Residencia Jose Gereda,23/12/1991,13,642
1753,Mant. de Propiedades,10/4/2016,16,191
1754,Remod. Resid. Jorge Maldonado,15/1/2005,9,52
1755,Calculo Estruc. Unicentro,16/8/1999,14,95
1756,UFM Laboratorio,11/11/2009,2,525
1757,Villa 5 D La Reunion,19/7/2007,5,479
1758,Bodeoffice 42 Calle,16/3/2000,4,475
1759,Casa Inclan Via Siete (inversion),28/7/1990,4,131
1760,Garita Las Nubes,14/10/2014,16,82
1761,Muro Perimetral Nunez,17/4/1991,6,85
1762,El Encinal Muro Perimetral,4/6/2006,5,275
1763,El Encinal Garage y Taller,4/11/1990,21,662
1764,"Moai, S.A. Remodelacion Oficinas",16/4/2014,17,59
1765,Refuerzo Boveda Ficohsa Unicentro,30/3/1993,1,156
1766,Muro Perimetral Perez Villatoro,4/1/2016,20,125
1767,Investigacion de Proyectos,23/4/2014,19,192
1768,A2 Muxbalia,16/2/1996,18,216
1769,Manteni-miento Vifrio,11/7/1991,11,225
1770,Mantenimiento INUASA,27/7/1992,13,250
1771,Residencia Irisarri Via Siete,5/2/2017,21,303
1772,Reparac.y Mant.casa Dr. Solorzano,8/5/2006,7,717
1773,Remodelacion Apto. Tiffany 5D,18/7/2013,6,28
1774,Ampliacion Oficinas Bicafe,13/4/2000,8,681
1775,OAKLAND Intervencion 01 Torre Blanca,20/7/2015,6,593
1776,Reparac.Casa Bugambilias de Cayala,12/4/2016,3,269
1777,CALCULOS ESTRUCTURALES VARIOS,13/5/1994,21,116
1778,OAK L-016 Refuerzo Losa piso PB,24/12/1992,4,348
1779,"Supervision Ampliacion, Modific. CC OM",2/1/1995,3,635
1780,OAK Refuerzos Metalicos Varios,17/4/1999,7,145
1781,"OAK Trabajos Varios Mensulas,Platinas,Pantallas Led",26/5/2013,16,244
1782,Atencion a Reclamos,26/11/2015,1,306
1783,General,4/2/1998,7,581
1784,Resid. Gustavo Garcia - Marina del Sur,25/5/1996,18,251
1785,Reparaciones Neucasa,5/8/2008,13,401
1786,Gazebo,22/11/2005,16,688
1787,Fase I,30/11/1995,16,605
1788,Fase II,15/5/2009,21,239
1789,R44,2/6/2013,3,509
1790,Fase III,13/6/2008,9,625
1791,Proyectos F3,27/10/1995,13,694
1792,El Sendero,20/5/2014,11,388
1793,Canadas de Elgin,31/12/2003,7,99
1794,Bosque Escondido,5/6/1997,14,436
1795,Urbanizacion,4/7/2006,20,446
1796,Casas,25/2/2007,1,487
1797,Canje Casa No. 3,29/7/2014,20,143
1798,Portal del Bosque,2/6/1997,8,3
1799,Fase I,16/10/2000,11,217
1800,Fase II,3/2/2002,8,352
1801,Fase III,7/6/2014,8,405
1802,Trabajos Casa No. 84,24/6/2012,5,681
1803,Residencia Bruning,21/4/1994,11,343
1804,Premier Campestre,8/2/2001,14,367
1805,Los Abetos,29/10/1993,12,106
1806,Neucasa,31/4/2014,19,544
1807,Las Lomas,1/10/2011,4,100
1808,Obra Civil,16/10/1995,5,652
1809,Extras,15/6/2014,13,289
1810,Trabajos Extra Casa 33,7/12/1995,13,125
1811,Trabajos Casa 3 - Enrique Neutze,31/12/2003,13,634
1812,Trabajos Casa 16 - Guisela Samayoa,13/11/2007,2,712
1813,Trabajos Casa 29,28/2/2017,21,192
1814,Trabajos Extras Fase IV,26/4/2017,21,513
1815,Residencia Minondo-Stillman,25/4/2016,10,191
1816,Residencias Arevalo,13/1/2004,13,601
1817,La Jolla,15/3/2000,14,236
1818,Fase I,20/11/2008,20,458
1819,Casa 7 Obra Gris,6/1/2013,16,634
1820,Casa 7 Urbanizacion,13/1/2008,21,108
1821,Casa 7 Acabados,21/9/2007,18,34
1822,Casa 7 Trabajos Hugo Bianchi,27/5/2009,12,83
1823,Hacienda Vista Hermosa,8/10/1999,14,704
1824,Urbanizacion,19/9/1992,2,444
1825,Casas,8/11/2016,4,555
1826,Hacienda V.H. Casas Fase II,7/11/1994,21,233
1827,Edificio Comcel,11/12/1993,15,233
1828,Residencia Celina Castaneda,2/11/1994,17,437
1829,Residencia Diego Castaneda,31/9/1993,10,614
1830,Joya de Oro III,16/10/1999,11,659
1831,Canadas de Oakland,18/10/2010,15,571
1832,Wendy's Xela,7/11/1994,7,643
1833,Oakland Mall,22/7/2000,1,398
1834,Coordinacion y Supervision,6/5/2013,8,532
1835,Obra Civil,7/10/2014,19,639
1836,Hidrosanitarias,31/4/2005,11,166
1837,Rampa Las Margaritas,6/5/1998,15,666
1838,Pavimentos,26/8/2005,18,739
1839,Supervision de Cines. OM,7/1/2000,9,626
1840,Villa Tiepolo,5/7/2016,8,400
1841,Villa Ensenada,21/2/2000,16,5
1842,Pasarela 2 CC,7/3/2012,12,256
1843,Liga del Corazon,25/5/2001,12,499
1844,Planificacion,14/11/1999,15,362
1845,URL 4to Nivel Edificio M,31/11/2006,6,181
1846,Puerta Grande,26/11/1991,16,264
1847,Fase II,22/9/2014,21,272
1848,Escala Roosevelt,15/5/2013,11,189
1849,Calculo Estructural,17/10/1999,21,473
1850,Coordinacion y Supervision,10/12/2008,6,678
1851,Obra Civil,7/4/2010,20,306
1852,Hidrosanitarias,27/6/1997,16,161
1853,Pavimentacion,30/6/2005,2,497
1854,Tunel,18/11/2016,2,751
1855,Muros,1/10/1996,20,188
1856,Lobby Sotano 1,4/7/1994,3,23
1857,Pit de Elevadores,3/3/2015,1,36
1858,Azulejo en Banos,31/11/1996,4,248
1859,Limpieza de Obra Civil,3/7/2013,1,328
1860,Trabajos Varios al 9%,2/6/1994,6,686
1861,Remodelacion 64,27/4/2005,16,660
1862,Cines,24/2/1997,18,29
1863,Levantados WM,6/3/1994,13,204
1864,Villas de San Martin,16/4/1998,16,729
1865,Vistas de San Isidro,30/8/2010,4,16
1866,Coordinacion,27/9/1995,16,361
1867,Obra Civil,27/7/2002,4,612
1868,Trab. Extras Casa Mayorga,8/11/2005,10,248
1869,Trab. Extras Casa Castillo,8/3/2009,6,490
1870,Villa Cafetto,22/4/2002,3,253
1871,Remodelaciones,10/3/2005,11,326
1872,Villas Nuevas,17/10/2001,1,465
1873,Call Center GE-BAC,26/10/1995,6,397
1874,Bodegas Gandara,19/1/2012,9,89
1875,Ampliacion Oficinas FC,31/7/2014,6,231
1876,La Solana,30/4/2000,19,205
1877,Contrato Original,23/1/1990,20,426
1878,Apartamento Gaby Morales,4/6/2015,6,696
1879,Muro Vifrio Roosevelt,24/6/1998,6,668
1880,Villas de Joya de Oro,10/5/2015,9,309
1881,Urbanizacion,4/4/1993,6,255
1882,Casas,14/9/2016,13,628
1883,El Encinal,4/1/2011,5,166
1884,Los Cabos,20/4/2006,13,481
1885,Cierre de proyecto,24/1/2001,12,475
1886,Canje - Villas,2/12/2010,19,388
1887,Vifrio Salcaja,2/2/2014,12,269
1888,Movimiento de Tierras,20/8/1991,16,735
1889,Residencia Abed,24/3/1999,20,592
1890,Acabados por Administracion,30/3/2016,10,389
1891,Apartamentos 19-10,18/4/2014,7,489
1892,Coordinacion y Supervision,28/9/2009,2,7
1893,Residencia Nunez,2/5/1996,10,419
1894,Residencia Heredia,20/2/2015,9,290
1895,Canadas de Oakland Fase II,29/8/2005,21,664
1896,Casa Trento,17/10/2007,1,475
1897,Urbanizacion,4/5/2008,6,193
1898,Casas,13/5/2002,7,607
1899,Torre,18/10/2014,9,353
1900,Penthouse La Solana,4/7/2017,15,97
1901,Vista Hermosa Zona 10,18/11/1990,11,163
1902,Duke,14/4/2002,1,471
1903,Refuerzo de Estructura Metalica,17/2/1991,17,436
1904,NO USAR,16/6/1999,1,351
1905,Centro Comercial San Isidro,20/12/2016,16,262
1906,Obra Civil,29/9/2003,6,260
1907,Coordinacion y Supervision,26/6/1990,14,553
1908,Hidrosanitarias,12/11/2006,2,422
1909,Vista Hermosa III,21/7/2017,17,602
1910,Urbanizacion,29/11/2011,3,401
1911,Casa,26/4/1995,7,317
1912,Trabajos Extras,23/5/1992,9,213
1913,Pinula Forest,23/5/2007,11,387
1914,Pinula Forest Urbanizacion,9/4/2007,4,234
1915,Edificio Rincones del Zapote,26/2/1992,1,619
1916,"Rincones del Zapote,Obra Civil",26/2/1991,9,166
1917,Residencia Perez,29/1/2007,19,700
1918,"Resid. Perez,Obra Civil",14/11/2016,10,284
1919,Residencia Muralles,20/2/2012,7,741
1920,Resid. Muralles Obra Civil,26/5/2010,17,210
1921,Reparac. Y Mant. Resid.Muralles,14/6/1995,15,506
1922,Residenciales San Diego,24/4/2009,10,211
1923,San Diego Obra Civil,24/5/1995,7,114
1924,"R. San Diego, Fase II",28/1/2000,6,698
1925,Edificio Oakland 12-24,2/7/2013,4,175
1926,"Edificio Oakland 12-24,Obra Civil",19/4/1993,12,129
1927,URL Centro de Formacion Integral,3/2/2006,13,673
1928,URL Obra Civil,5/7/1998,3,528
1929,Bahia Blanca B.E. Casas,31/9/2010,13,421
1930,"Bahia Blanca, Obra Civil",19/6/2014,19,38
1931,Trabajos Extras,27/6/2000,14,511
1932,Colegio del Valle,11/12/2002,10,486
1933,"Obra Civil,Colegio del Valle",9/7/1993,14,599
1934,Trabajos Adicionales,7/7/2004,21,686
1935,Liga del Corazon,31/1/2005,14,263
1936,Refuerzo de Edificio Existente,17/9/1997,15,400
1937,L.C. Habilitacion Edificio Existente,22/5/1996,1,630
1938,L.C. Hospital,13/8/2009,11,464
1939,Pozo + P. Baja y Sotano Edif. Exis.,20/11/2007,17,712
1940,Casco San Rafael,4/11/2004,6,681
1941,Coordinacion y Supervision,30/12/2000,12,332
1942,"Calculo, Diseno y Planificacion",20/12/2008,1,615
1943,Plans. y Mats. P/Apoyo en Campo,10/8/2002,17,196
1944,Trab. Adicionales en Campo,28/7/1998,3,23
1945,Trab. Hidrosanitarias,7/10/2016,5,85
1946,Muros de Contencion,17/8/2003,6,645
1947,Construc. Muros Tipo Sierra,4/9/1996,5,3
1948,Ampliacion Via Muxbal,11/10/1991,3,656
1949,Colector Externo Salida Muxbal,28/5/1997,4,648
1950,Grupo SC B.E.,17/7/2007,19,485
1951,Obra Civil (Grupo SC),30/10/1997,20,578
1952,Via 7,22/12/2005,10,599
1953,Coordinacion y Supervision,10/8/2016,2,398
1954,"Via 7,Calculo Estructural y Dibujo",22/7/2009,4,722
1955,"Via 7,Trabajos Preliminares",12/1/2000,4,562
1956,"Via 7, Muros de Contencion",20/4/2014,13,136
1957,"Via 7, Hidrosanitarias",27/2/1993,10,445
1958,"Via 7, Levantados",23/4/2007,9,204
1959,"Via 7, Obra Gris Casas",18/10/2009,17,269
1960,"Via 7, Pavimentos",27/4/2011,20,531
1961,"Via 7, Molduras",5/1/2014,9,434
1962,Policlinico Zona 9,30/5/1991,8,558
1963,"Obra Civil, Policlinico Z.9",1/11/1997,2,87
1964,Coordinacion y Supervision,18/1/2015,18,615
1965,Calculo y Planificacion,2/5/1994,5,350
1966,Arquitectura,18/3/1990,16,622
1967,Muxbalia,30/2/1992,10,261
1968,Administrativos,9/2/1990,15,380
1969,"Muro Perimetral, Muxbalia",30/12/1994,18,219
1970,Edificio A,14/10/1996,6,417
1971,Edificio B,4/1/1997,20,622
1972,Villa Orotava,22/12/2016,2,504
1973,Diseno y Planificacion,27/6/1998,13,252
1974,Bodegas Insuaza - Rampa y Anden de Descarga,19/7/2014,19,238
1975,"B.Insuasa,R.Anden,Obra Civil",31/11/1993,21,335
1976,Edificio Eneldos,11/1/2007,7,716
1977,Diseno y Planificacion,16/11/2006,8,533
1978,Athenaeum - Diseno y Planificacion,18/8/2000,17,426
1979,Puente de Tuberia Chixoy,9/7/2005,12,274
1980,Edificio Trento,18/7/2017,3,651
1981,Diseno y Planificacion TRENTO,23/4/2016,13,286
1982,Obra Gris Casa Trento,1/12/2016,16,327
1983,Muro M. de O. G.B.B. Casa Trento,30/6/2003,15,659
1984,UFM - Remod. Aula Magna,25/7/2007,2,603
1985,Levantados de Portales,18/10/2017,1,59
1986,Levantados Portales Fase 1,7/5/2000,12,553
1987,Hacienda Vista Hermosa (Segunda Etapa),3/7/2002,11,707
1988,H.V.H. Casas Etapa II,23/7/2013,11,709
1989,H.V.H. Trab. Extras Casas Etapa II,26/1/2008,17,724
1990,H.V.H. Casas Etapa III,14/1/2017,15,476
1991,H.V.H. Trab. Extras Casas Etapa III,25/2/2002,3,556
1992,Residencia Novielli,6/9/1998,1,249
1993,Residencia Novielli Acabados,19/3/2016,11,243
1994,Colegio El Valle Fase II,29/3/2006,2,704
1995,Miraflores Levantados Fase III,8/8/2016,13,591
1996,Miraflores Levantados Fase III,30/1/2007,2,191
1997,Edificio Xpo-Decor,28/3/1996,5,715
1998,Mov. de Tierras Edif. Xpo-Decor,20/4/1992,8,598
1999,Obra Gris Estruc. Principal Xpo-Decor,17/6/2003,14,480
2000,Estruc. Metalica Xpo-Decor,6/11/2006,13,332
2001,Resid. Innovacel,16/4/1993,16,285
2002,Obra Gris Resid. Innovacel,4/6/1993,10,380
2003,Hidrosanitarias Resid. Innovacel,1/2/2007,21,270
2004,Trab. Adicionales Resid. Innovacel,17/7/1999,9,214
2005,CSR Obra Civil Dielcom,28/4/1996,17,4
2006,Muxbalia Torre de Apartamentos,3/7/2008,8,344
2007,Muxbalia Apartamentos Obra Gris,13/3/2012,20,730
2008,Casco San Rafael Segunda Etapa,8/8/1990,20,573
2009,Relleno en Area Social,18/2/1996,15,252
2010,Muro Perimetral,7/10/1993,4,746
2011,Planta de Tratamiento,1/12/2010,3,187
2012,Cisterna de Conjunto,5/3/2014,2,736
2013,Pavimento,31/3/2015,11,490
2014,Tigo,17/7/1997,10,149
2015,Tas,17/12/2007,19,653
2016,Instalaciones de Conjunto,17/2/1999,4,334
2017,Garita de Ingreso San Rafael,24/4/1996,14,269
2018,Ingreso Adoquin Casas,16/3/2009,7,634
2019,Instalacion de Piso Pocelanato,2/9/2007,18,75
2020,Jardinizacion de Conjunto y Proteccion de taludes,29/6/2011,16,446
2021,Ampliacion Ingreso de Garage en Casas,17/1/1997,14,697
2022,Trabajos para Ingreso del Personal a Fase II y III,14/11/2000,10,23
2023,Modificacion Gancho 3,20/1/1992,3,753
2024,Plataforma Lote No.04,23/12/2007,16,219
2025,Mitigacion Invierno 2012,1/12/2016,20,77
2026,Invierno 2012 Boulevard F.II y III,14/10/2007,15,404
2027,Posteo de Iluminacion Electrica,14/7/1990,10,377
2028,Instalacion de Agua Provisional Fase I,16/1/2000,14,672
2029,Muros Medianeros,3/8/2016,7,47
2030,Conformacion de Jardines,3/8/2007,4,160
2031,Adoquin en Gancho 3,18/9/1990,20,320
2032,"Relleno Estructural (1,2,3,4,39,40,41)",17/5/1998,20,156
2033,Equipo de Seguridad,27/7/2000,6,555
2034,Programa 5 S,24/11/2007,15,699
2035,Muros de Ingreso San Rafael,16/8/2001,17,442
2036,"Instalacion de Fachaleta casa 14,15,17 y 18",4/3/1998,16,295
2037,Acometida Electrica Provisional,3/5/2007,14,148
2038,"Muro de Contencion Lotes 1,2 y 3",6/5/2017,3,111
2039,Limpieza de Calles,18/6/2001,15,674
2040,Relleno Estructural Lote 26,10/6/2007,3,288
2041,Cisterna,2/5/1992,1,237
2042,Jardinizacion de Patios Traseros en Casa,2/5/1990,1,197
2043,Pergolas,7/2/1999,1,224
2044,Muro de Contencion Casa 50,21/1/2006,5,703
2045,Plataforma FIII,19/4/2017,15,34
2046,Invierno 2013,22/1/1994,19,92
2047,CSR Inundacion,7/2/2004,11,344
2048,Hacienda de Vista Hermosa Fase IV,12/12/2011,11,751
2049,Hacienda de Vista Hermosa Fase IV,15/5/2011,12,120
2050,Via Siete Fase II,28/2/2015,12,126
2051,Nivelacion de Pisos,3/11/2011,3,36
2052,Fachaleta de Casas,7/11/2002,17,593
2053,Urbanizacion,7/2/2012,10,175
2054,Obra Gris Instalaciones,6/10/1994,10,598
2055,Obra Gris Complementarias,8/2/2000,21,683
2056,Trabajos Senor Serra,23/7/2007,13,436
2057,Acabados Via Siete,5/4/1993,8,428
2058,Casco San Rafael Casas,6/7/1995,7,612
2059,Casa 42-44,20/6/2011,21,602
2060,Casa 46,8/9/2016,8,95
2061,Casa 48,31/2/1999,2,152
2062,Casa 50,25/4/1990,12,728
2063,Trabajos Extras en Casas,31/7/2000,8,79
2064,Plataformas Fase II,9/5/2013,17,571
2065,,4/11/2002,5,366
2066,Plataformas Fase III,7/11/2002,13,167
2067,Casa 40,9/3/1990,20,39
2068,Casa 41,6/1/2003,16,593
2069,LGC Sotano y Planta Baja,17/2/2011,1,501
2070,Sotano y Planta Baja,11/9/2004,21,496
2071,Casco San Rafael Casas Fase III,27/4/1995,4,15
2072,Casco San Rafael Casas Fase III,19/12/2013,2,657
2073,Hacienda de Vista Hermosa Fase V,11/7/1998,17,171
2074,Hacienda de Vista Hermosa Fase V,5/4/1993,12,231
2075,Las Puertas C.C.,23/2/2004,19,92
2076,Coordinacion y Supervision C.C. Las Puertas,18/9/2012,13,29
2077,Calculo Estructural C.C. Las Puertas,25/10/2002,15,376
2078,Losa Sector No.03,26/11/2010,5,458
2079,Trabajos Varios C.C. Las Puertas,17/1/2005,18,253
2080,Laderas de Florencia,16/5/2007,1,390
2081,Laderas de Florencia Obra Gris,27/7/2012,4,143
2082,Laderas de Florencia Complemento,15/5/2001,16,730
2083,Laderas de Florencia OG Crepusculo,8/2/2008,6,413
2084,Agencia Ficohsa-Xela,11/1/2000,5,11
2085,Obra Gris,24/4/2002,1,17
2086,Casa Q,2/6/1996,8,623
2087,Bodega Vifrio zona 12,8/7/2000,19,607
2088,Blue Tower Ventures,22/11/2010,8,414
2089,Consultoria,4/10/2012,16,410
2090,Gimnasio San Isidro zona 16,3/1/1999,16,446
2091,Obra Complementaria Gimnasio San Isidro,21/4/1994,20,100
2092,Trento 10,7/2/2002,9,431
2093,"Coordinacion, Planificacion y Diseno",11/4/2017,12,531
2094,"Residencia Brand Casa B,El Pulte Z.16",28/9/2014,9,608
2095,"Residencia Brand Casa B,El Pulte Z.16",1/8/2013,13,153
2096,Resid. Brand Acabados,1/10/2015,4,608
2097,Supervision Arquitecturay Acabados,3/7/1999,19,530
2098,Agencias Ficohsa Z4 Serv Cls y Cajeros,30/4/2008,6,621
2099,Agencias Ficohsa Z4 Serv Cls y Cajeros,29/2/2005,9,88
2100,"Bodegas Villa Nueva, Rehabilitacion",10/10/2000,12,533
2101,"Bodegas Villa Nueva, Rehabilitacion",22/7/2003,9,282
2102,Remodelacion Edificio Qualifarm,11/2/2000,1,411
2103,Remodelacion Edificio Qualifarm,15/11/1998,6,460
2104,Remodelacion Fase 2 Edif.Qualipharm,23/3/2014,4,507
2105,Edificio Vilaflor Z.16,18/12/2007,14,133
2106,"Edificio Vilaflor, Obra Gris Peliminar",23/9/1990,9,426
2107,"Edif.Vilaflor Fase II,Levantados",1/7/2004,18,217
2108,Centriko 10,13/9/2013,8,563
2109,Nailing Zero Park,18/10/1993,9,149
2110,Edificio Camelia,5/11/2002,20,229
2111,Planificacion y Diseno Edif. Camelia,24/6/2006,10,614
2112,Clinicas Quezaltepeque y Jocotan,13/3/2016,18,226
2113,Argenal,24/10/2000,12,755
2114,Planificacion Argenal,30/12/2010,3,682
2115,Muro Perimetral Argenal,5/10/2017,4,162
2116,Casa AA,17/9/2015,15,216
2117,Casa RA,21/4/2014,11,403
2118,Casa LA,14/5/2007,10,681
2119,Oficina Revtec,9/1/1990,16,412
2120,Grupo Campeon,7/8/1998,20,313
2121,"Grupo Campeon, Planificacion",24/11/2005,12,434
2122,Movimiento de Tierra Fase I  GC,17/4/2009,8,398
2123,Muros de Contencion +Relleno Especial,21/8/2001,18,594
2124,Ordenes de Cambio,19/1/1996,4,179
2125,Zapatas y Pedestales,3/10/2011,15,304
2126,Cisternas,6/2/2011,20,406
2127,"Trab. Banquetas, mallas acometidas",24/4/2009,16,700
2128,Servicio de Supervicion GC,27/12/2002,15,190
2129,Pavimentos de Cuartos Congelados,13/5/1991,16,297
2130,Trabajos de Fase B,23/3/2007,15,560
2131,Remodelacion Campero 130 CC Prisa Z.10,1/1/2008,15,223
2132,Remodelacion Campero 130 Prisa Z.10,16/10/2001,19,260
2133,Residencia Lazos,7/6/1990,4,547
2134,Movimiento de Tierra Resid. Lazos,27/5/1998,20,255
2135,Muros Sierra Resid. Lazos,19/5/2012,6,75
2136,Losa Jardin Resid. Lazos,8/6/2011,7,387
2137,Muros de Contencion Resid. Lazos,28/3/1993,14,177
2138,Movimiento de Tierra II,19/1/2009,21,288
2139,"Cimentacion, Zapatas y Levantados",9/12/2016,1,228
2140,Casa Bermejo,9/8/1995,20,431
2141,Planificacion Casa Bermejo,25/9/2004,18,747
2142,"Casa Bermejo Munoz, Obra Civil",2/8/1996,21,624
2143,Residencia Morales,24/12/1993,8,385
2144,Planificacion y Diseno Resid. Morales,1/2/2000,2,426
2145,Construccicon Resid. Morales,1/4/2012,21,393
2146,Pollo Campero Z.9 7a.Ave.y 14c.,29/3/1994,7,380
2147,Pollo Campero Z.9 Calculo Estructural,16/6/1996,11,470
2148,Pollo Campero San Lucas 668,4/7/2017,6,541
2149,Pollo Campero San Lucas 668 Remodelacion,20/2/2013,1,37
2150,Restaurante PF Chang Zona 10,12/3/2001,15,405
2151,Restaurante PF Chang Zona 10,7/10/2009,9,154
2152,Centro de Fe y Cultura,1/3/2015,7,680
2153,Planificacion Centro de Fe y Cultura,26/1/2003,5,452
2154,Pollo Campero Amatitlan C-174,22/3/2009,5,208
2155,Pollo Campero Amatitlan C-174 Remodelac.Rest.,22/11/2012,14,275
2156,20 Calle - Mini Bodegas,13/3/1994,11,746
2157,Planificacion 20 Calle - Mini Bodegas,25/10/2012,19,527
2158,Obra Gris 20 Calle-Mini Bodegas,30/7/1992,4,326
2159,Campero Parque Amercias,26/8/2011,12,302
2160,Obra Gris Campero Parque Americas,3/4/2007,8,305
2161,Campero 104 Zona 9,29/5/2000,19,457
2162,Obra Gris general Campero 104 Zona 9,26/11/1994,2,448
2163,Obra Gris Tunel Campero 104 Zona 9,31/11/1994,16,97
2164,Pollo Campero Interplaza Escuintla,12/2/2011,18,33
2165,Pollo Campero Interplaza Esc. Obra Gris,10/12/2006,2,731
2166,ADMIN,20/7/2006,18,55
